Workbook

Sheet ABS
A1: Original Data | J1: Specific Values
A2: Index Value | B2: Infill Type | C2: Infill Concentration | D2: Border number | E2: Mass (g) | F2: Ultimate Tensile Strength (kN) | G2: Modulus of Elasticity (MPa) | H2: Modulus of Resilience (MPa) | I2: Yield Strength (kN) | J2: Specific UTS ( kN/g) | K2: Specific Modulus of Elasticity (MPa/g) | L2: Specific Modulus of Resilience (MPa/g) | M2: Specifc Yield Strength (kN/g)
A3: 1 | B3: N/a | C3: 1 | D3: Inf | E3: 61.3 | F3: 6.6299 | G3: 823.48 | H3: 0.235 | I3: 3.4478 | J3: =Table2[[#This Row],[Ultimate Tensile Strength (kN)]]/Table2[[#This Row],[Mass (g)]] -> 0.10815498 | K3: =Table2[[#This Row],[Modulus of Elasticity (MPa)]]/Table2[[#This Row],[Mass (g)]] -> 13.433605 | L3: =Table2[[#This Row],[Modulus of Resilience (MPa)]]/Table2[[#This Row],[Mass (g)]] -> 0.0038336052 | M3: =Table2[[#This Row],[Yield Strength (kN)]]/Table2[[#This Row],[Mass (g)]] -> 0.056244698
A4: 2 | B4: N/a | C4: 0 | D4: 2 | E4: 20 | F4: 1.6811 | G4: 268.27 | H4: 0.0293 | I4: 0.6821 | J4: =Table2[[#This Row],[Ultimate Tensile Strength (kN)]]/Table2[[#This Row],[Mass (g)]] -> 0.084055 | K4: =Table2[[#This Row],[Modulus of Elasticity (MPa)]]/Table2[[#This Row],[Mass (g)]] -> 13.4135 | L4: =Table2[[#This Row],[Modulus of Resilience (MPa)]]/Table2[[#This Row],[Mass (g)]] -> 0.001465 | M4: =Table2[[#This Row],[Yield Strength (kN)]]/Table2[[#This Row],[Mass (g)]] -> 0.034105
A5: 3 | B5: N/a | C5: 0 | D5: 3 | E5: 25.5 | F5: 2.8112 | G5: 388.75 | H5: 0.0323 | I5: 0.8567 | J5: =Table2[[#This Row],[Ultimate Tensile Strength (kN)]]/Table2[[#This Row],[Mass (g)]] -> 0.11024314 | K5: =Table2[[#This Row],[Modulus of Elasticity (MPa)]]/Table2[[#This Row],[Mass (g)]] -> 15.245098 | L5: =Table2[[#This Row],[Modulus of Resilience (MPa)]]/Table2[[#This Row],[Mass (g)]] -> 0.0012666667 | M5: =Table2[[#This Row],[Yield Strength (kN)]]/Table2[[#This Row],[Mass (g)]] -> 0.033596078
A6: 4 | B6: Grid | C6: 0.1 | D6: 2 | E6: 19.2 | F6: 1.335 | G6: 205.66 | H6: 0.0207 | I6: 0.5052 | J6: =Table2[[#This Row],[Ultimate Tensile Strength (kN)]]/Table2[[#This Row],[Mass (g)]] -> 0.06953125 | K6: =Table2[[#This Row],[Modulus of Elasticity (MPa)]]/Table2[[#This Row],[Mass (g)]] -> 10.711458 | L6: =Table2[[#This Row],[Modulus of Resilience (MPa)]]/Table2[[#This Row],[Mass (g)]] -> 0.001078125 | M6: =Table2[[#This Row],[Yield Strength (kN)]]/Table2[[#This Row],[Mass (g)]] -> 0.0263125
A7: 5 | B7: Grid | C7: 0.25 | D7: 2 | E7: 26 | F7: 1.445 | G7: 201.67 | H7: 0.061 | I7: 0.8843 | J7: =Table2[[#This Row],[Ultimate Tensile Strength (kN)]]/Table2[[#This Row],[Mass (g)]] -> 0.055576923 | K7: =Table2[[#This Row],[Modulus of Elasticity (MPa)]]/Table2[[#This Row],[Mass (g)]] -> 7.7565385 | L7: =Table2[[#This Row],[Modulus of Resilience (MPa)]]/Table2[[#This Row],[Mass (g)]] -> 0.0023461538 | M7: =Table2[[#This Row],[Yield Strength (kN)]]/Table2[[#This Row],[Mass (g)]] -> 0.034011538
A8: 6 | B8: Cubic | C8: 0.1 | D8: 2 | E8: 19 | F8: 1.4693 | G8: 227.06 | H8: 0.0161 | I8: 0.4627 | J8: =Table2[[#This Row],[Ultimate Tensile Strength (kN)]]/Table2[[#This Row],[Mass (g)]] -> 0.077331579 | K8: =Table2[[#This Row],[Modulus of Elasticity (MPa)]]/Table2[[#This Row],[Mass (g)]] -> 11.950526 | L8: =Table2[[#This Row],[Modulus of Resilience (MPa)]]/Table2[[#This Row],[Mass (g)]] -> 0.00084736842 | M8: =Table2[[#This Row],[Yield Strength (kN)]]/Table2[[#This Row],[Mass (g)]] -> 0.024352632
A9: 7 | B9: Cubic | C9: 0.25 | D9: 2 | E9: 26.1 | F9: 1.8183 | G9: 250.75 | H9: 0.0893 | I9: 1.1915 | J9: =Table2[[#This Row],[Ultimate Tensile Strength (kN)]]/Table2[[#This Row],[Mass (g)]] -> 0.069666667 | K9: =Table2[[#This Row],[Modulus of Elasticity (MPa)]]/Table2[[#This Row],[Mass (g)]] -> 9.6072797 | L9: =Table2[[#This Row],[Modulus of Resilience (MPa)]]/Table2[[#This Row],[Mass (g)]] -> 0.0034214559 | M9: =Table2[[#This Row],[Yield Strength (kN)]]/Table2[[#This Row],[Mass (g)]] -> 0.045651341
A10: 8 | B10: Gyroid | C10: 0.1 | D10: 2 | E10: 19 | F10: 1.4343 | G10: 190.34 | H10: 0.0587 | I10: 0.8357 | J10: =Table2[[#This Row],[Ultimate Tensile Strength (kN)]]/Table2[[#This Row],[Mass (g)]] -> 0.075489474 | K10: =Table2[[#This Row],[Modulus of Elasticity (MPa)]]/Table2[[#This Row],[Mass (g)]] -> 10.017895 | L10: =Table2[[#This Row],[Modulus of Resilience (MPa)]]/Table2[[#This Row],[Mass (g)]] -> 0.0030894737 | M10: =Table2[[#This Row],[Yield Strength (kN)]]/Table2[[#This Row],[Mass (g)]] -> 0.043984211
A11: 9 | B11: Gyroid | C11: 0.25 | D11: 2 | E11: 25.6 | F11: 1.5629 | G11: 238.64 | H11: 0.0256 | I11: 0.6075 | J11: =Table2[[#This Row],[Ultimate Tensile Strength (kN)]]/Table2[[#This Row],[Mass (g)]] -> 0.061050781 | K11: =Table2[[#This Row],[Modulus of Elasticity (MPa)]]/Table2[[#This Row],[Mass (g)]] -> 9.321875 | L11: =Table2[[#This Row],[Modulus of Resilience (MPa)]]/Table2[[#This Row],[Mass (g)]] -> 0.001 | M11: =Table2[[#This Row],[Yield Strength (kN)]]/Table2[[#This Row],[Mass (g)]] -> 0.023730469
A12: 10 | B12: Grid | C12: 0.1 | D12: 3 | E12: 24.5 | F12: 1.8508 | G12: 252.92 | H12: 0.0791 | I12: 1.1189 | J12: =Table2[[#This Row],[Ultimate Tensile Strength (kN)]]/Table2[[#This Row],[Mass (g)]] -> 0.075542857 | K12: =Table2[[#This Row],[Modulus of Elasticity (MPa)]]/Table2[[#This Row],[Mass (g)]] -> 10.323265 | L12: =Table2[[#This Row],[Modulus of Resilience (MPa)]]/Table2[[#This Row],[Mass (g)]] -> 0.0032285714 | M12: =Table2[[#This Row],[Yield Strength (kN)]]/Table2[[#This Row],[Mass (g)]] -> 0.045669388
A13: 11 | B13: Grid | C13: 0.25 | D13: 3 | E13: 30.8 | F13: 2.1374 | G13: 276.22 | H13: 0.1307 | I13: 1.518 | J13: =Table2[[#This Row],[Ultimate Tensile Strength (kN)]]/Table2[[#This Row],[Mass (g)]] -> 0.069396104 | K13: =Table2[[#This Row],[Modulus of Elasticity (MPa)]]/Table2[[#This Row],[Mass (g)]] -> 8.9681818 | L13: =Table2[[#This Row],[Modulus of Resilience (MPa)]]/Table2[[#This Row],[Mass (g)]] -> 0.0042435065 | M13: =Table2[[#This Row],[Yield Strength (kN)]]/Table2[[#This Row],[Mass (g)]] -> 0.049285714
A14: 12 | B14: Cubic | C14: 0.1 | D14: 3 | E14: 24.6 | F14: 2.0702 | G14: 318.51 | H14: 0.0202 | I14: 0.6075 | J14: =Table2[[#This Row],[Ultimate Tensile Strength (kN)]]/Table2[[#This Row],[Mass (g)]] -> 0.084154472 | K14: =Table2[[#This Row],[Modulus of Elasticity (MPa)]]/Table2[[#This Row],[Mass (g)]] -> 12.947561 | L14: =Table2[[#This Row],[Modulus of Resilience (MPa)]]/Table2[[#This Row],[Mass (g)]] -> 0.00082113821 | M14: =Table2[[#This Row],[Yield Strength (kN)]]/Table2[[#This Row],[Mass (g)]] -> 0.024695122
A15: 13 | B15: Cubic | C15: 0.25 | D15: 3 | E15: 30.8 | F15: 2.3705 | G15: 326.7 | H15: 0.1067 | I15: 1.4839 | J15: =Table2[[#This Row],[Ultimate Tensile Strength (kN)]]/Table2[[#This Row],[Mass (g)]] -> 0.076964286 | K15: =Table2[[#This Row],[Modulus of Elasticity (MPa)]]/Table2[[#This Row],[Mass (g)]] -> 10.607143 | L15: =Table2[[#This Row],[Modulus of Resilience (MPa)]]/Table2[[#This Row],[Mass (g)]] -> 0.0034642857 | M15: =Table2[[#This Row],[Yield Strength (kN)]]/Table2[[#This Row],[Mass (g)]] -> 0.048178571
... A17: 15 | B17: Gyroid | C17: 0.25 | D17: 3 | E17: 30.4 | F17: 2.1361 | G17: 285.92 | H17: 0.0969 | I17: 1.3223 | J17: =Table2[[#This Row],[Ultimate Tensile Strength (kN)]]/Table2[[#This Row],[Mass (g)]] -> 0.070266447 | K17: =Table2[[#This Row],[Modulus of Elasticity (MPa)]]/Table2[[#This Row],[Mass (g)]] -> 9.4052632 | L17: =Table2[[#This Row],[Modulus of Resilience (MPa)]]/Table2[[#This Row],[Mass (g)]] -> 0.0031875 | M17: =Table2[[#This Row],[Yield Strength (kN)]]/Table2[[#This Row],[Mass (g)]] -> 0.043496711
A18: Comparison - Infills
B19: Infill Type | C19: Average Values for Given Infill | E19: Mass (g) | F19: Ultimate Tensile Strength (kN) | G19: Modulus of Elasticity (MPA) | H19: Modulus of Resilience | I19: Yield Strength (kN) | J19: Specific UTS ( kN/g) | K19: Specific Modulus of Elasticity (MPa/g) | L19: Specific Modulus of Resilience (MPa/g) | M19: Specifc Yield Strength (kN/g)
B20: Grid | E20: =(SUM(E6:E7)+SUM(E12:E13))/4 -> 25.125 | F20: =(SUM(F6:F7)+SUM(F12:F13))/4 -> 1.69205 | G20: =(SUM(G6:G7)+SUM(G12:G13))/4 -> 234.1175 | H20: =(SUM(H6:H7)+SUM(H12:H13))/4 -> 0.072875 | I20: =(SUM(I6:I7)+SUM(I12:I13))/4 -> 1.0066 | J20: =(SUM(J6:J7)+SUM(J12:J13))/4 -> 0.067511784 | K20: =(SUM(K6:K7)+SUM(K12:K13))/4 -> 9.439861 | L20: =(SUM(L6:L7)+SUM(L12:L13))/4 -> 0.0027240892 | M20: =(SUM(M6:M7)+SUM(M12:M13))/4 -> 0.038819785
B21: Cubic | E21: =(E8+E9+E14+E15)/4 -> 25.125 | F21: =(F8+F9+F14+F15)/4 -> 1.932075 | G21: =(G8+G9+G14+G15)/4 -> 280.755 | H21: =(H8+H9+H14+H15)/4 -> 0.058075 | I21: =(I8+I9+I14+I15)/4 -> 0.9364 | J21: =(J8+J9+J14+J15)/4 -> 0.077029251 | K21: =(K8+K9+K14+K15)/4 -> 11.278127 | L21: =(L8+L9+L14+L15)/4 -> 0.0021385621 | M21: =(M8+M9+M14+M15)/4 -> 0.035719416
B22: Gyroid | E22: =(E10+E11+E16+E17)/4 -> 24.9 | F22: =(F10+F11+F16+F17)/4 -> 1.750525 | G22: =(G10+G11+G16+G17)/4 -> 248.08 | H22: =(H10+H11+H16+H17)/4 -> 0.0551 | I22: =(I10+I11+I16+I17)/4 -> 0.894825 | J22: =(J10+J11+J16+J17)/4 -> 0.070693545 | K22: =(K10+K11+K16+K17)/4 -> 10.005567 | L22: =(L10+L11+L16+L17)/4 -> 0.0022176174 | M22: =(M10+M11+M16+M17)/4 -> 0.036073173
A23: Comparison - Infill Density
C24: Infill Concentration | D24: Average Values for Given Infill Density | E24: Mass (g) | F24: Ultimate Tensile Strength (kN) | G24: Modulus of Elasticity (MPA) | H24: Modulus of Resilience | I24: Yield Strength (kN) | J24: Ultimate Tensile Strength (kN) | K24: Modulus of Elasticity (MPA) | L24: Modulus of Resilience | M24: Yield Strength (kN/g)
C25: 0 | E25: =(SUM(E4:E5))/2 -> 22.75 | F25: =(SUM(F4:F5))/2 -> 2.24615 | G25: =(SUM(G4:G5))/2 -> 328.51 | H25: =(SUM(H4:H5))/2 -> 0.0308 | I25: =(SUM(I4:I5))/2 -> 0.7694 | J25: =(SUM(J4:J5))/2 -> 0.097149069 | K25: =(SUM(K4:K5))/2 -> 14.329299 | L25: =(SUM(L4:L5))/2 -> 0.0013658333 | M25: =(SUM(M4:M5))/2 -> 0.033850539
C26: 0.1 | E26: =(E6+E8+E10+E12+E14+E16)/6 -> 21.816667 | F26: =(F6+F8+F10+F12+F14+F16)/6 -> 1.6714 | G26: =(G6+G8+G10+G12+G14+G16)/6 -> 245.31833 | H26: =(H6+H8+H10+H12+H14+H16)/6 -> 0.039 | I26: =(I6+I8+I10+I12+I14+I16)/6 -> 0.72396667 | J26: =(J6+J8+J10+J12+J14+J16)/6 -> 0.076336185 | K26: =(K6+K8+K10+K12+K14+K16)/6 -> 11.204657 | L26: =(L6+L8+L10+L12+L14+L16)/6 -> 0.0017763621 | M26: =(M6+M8+M10+M12+M14+M16)/6 -> 0.033015859
C27: 0.25 | E27: =(E7+E9+E11+E13+E15+E17)/6 -> 28.283333 | F27: =(F7+F9+F11+F13+F15+F17)/6 -> 1.9117 | G27: =(G7+G9+G11+G13+G15+G17)/6 -> 263.31667 | H27: =(H7+H9+H11+H13+H15+H17)/6 -> 0.085033333 | I27: =(I7+I9+I11+I13+I15+I17)/6 -> 1.1679167 | J27: =(J7+J9+J11+J13+J15+J17)/6 -> 0.067153535 | K27: =(K7+K9+K11+K13+K15+K17)/6 -> 9.2777135 | L27: =(L7+L9+L11+L13+L15+L17)/6 -> 0.002943817 | M27: =(M7+M9+M11+M13+M15+M17)/6 -> 0.040725724
C28: 1 | E28: =E3 -> 61.3 | F28: =F3 -> 6.6299 | G28: =G3 -> 823.48 | H28: =H3 -> 0.235 | I28: =I3 -> 3.4478 | J28: =J3 -> 0.10815498 | K28: =K3 -> 13.433605 | L28: =L3 -> 0.0038336052 | M28: =M3 -> 0.056244698
A29: Comparison - Border #
A30: Average Values for Given Border # | D30: Border number | E30: Mass (g) | F30: Ultimate Tensile Strength (kN) | G30: Modulus of Elasticity (MPA) | H30: Modulus of Resilience | I30: Yield Strength (kN) | J30: Ultimate Tensile Strength (kN) | K30: Modulus of Elasticity (MPA) | L30: Modulus of Resilience | M30: Yield Strength (kN/g)
D31: 2 | E31: =(E4+SUM(E6:E11))/7 -> 22.128571 | F31: =(F4+SUM(F6:F11))/7 -> 1.5351286 | G31: =(G4+SUM(G6:G11))/7 -> 226.05571 | H31: =(H4+SUM(H6:H11))/7 -> 0.042957143 | I31: =(I4+SUM(I6:I11))/7 -> 0.73842857 | J31: =(J4+SUM(J6:J11))/7 -> 0.070385953 | K31: =(K4+SUM(K6:K11))/7 -> 10.39701 | L31: =(L4+SUM(L6:L11))/7 -> 0.001892511 | M31: =(M4+SUM(M6:M11))/7 -> 0.033163956
D32: 3 | E32: =(E5+SUM(E12:E17))/7 -> 27.314286 | F32: =(F5+SUM(F12:F17))/7 -> 2.1778571 | G32: =(G5+SUM(G12:G17))/7 -> 303.77714 | H32: =(H5+SUM(H12:H17))/7 -> 0.072157143 | I32: =(I5+SUM(I12:I17))/7 -> 1.1030143 | J32: =(J5+SUM(J12:J17))/7 -> 0.080362112 | K32: =(K5+SUM(K12:K17))/7 -> 11.253393 | L32: =(L5+SUM(L12:L17))/7 -> 0.0025435949 | M32: =(M5+SUM(M12:M17))/7 -> 0.039714698

Sheet PLA
A1: Original Data | J1: Specific (divided by mass)
A2: Index Value | B2: Infill Type | C2: Infill Concentration | D2: Border number | E2: Mass (g) | F2: Ultimate Tensile Strength (kN) | G2: Modulus of Elasticity (MPa) | H2: Modulus of Resilience (MPa) | I2: Yield Strength (kN) | J2: Specific UTS (kN/g) | K2: Specific Modulus of Elasticity (MPa/g) | L2: Specific Modulus of Resilience (MPa/g) | M2: Specifc Yield Strength (kN)
A3: 1 | B3: N/a | C3: 1 | D3: Inf | E3: 73 | F3: 9.3463 | G3: 1280.88 | H3: 0.1056 | I3: 2.6982 | J3: =Table24[[#This Row],[Ultimate Tensile Strength (kN)]]/Table24[[#This Row],[Mass (g)]] -> 0.12803151 | K3: =Table24[[#This Row],[Modulus of Elasticity (MPa)]]/Table24[[#This Row],[Mass (g)]] -> 17.546301 | L3: =Table24[[#This Row],[Modulus of Resilience (MPa)]]/Table24[[#This Row],[Mass (g)]] -> 0.0014465753 | M3: =Table24[[#This Row],[Yield Strength (kN)]]/Table24[[#This Row],[Mass (g)]] -> 0.036961644
A4: 2 | B4: N/a | C4: 0 | D4: 2 | E4: 16.7 | F4: 1.6182 | G4: 211.47 | H4: 0.0327 | I4: 0.6491 | J4: =Table24[[#This Row],[Ultimate Tensile Strength (kN)]]/Table24[[#This Row],[Mass (g)]] -> 0.096898204 | K4: =Table24[[#This Row],[Modulus of Elasticity (MPa)]]/Table24[[#This Row],[Mass (g)]] -> 12.662874 | L4: =Table24[[#This Row],[Modulus of Resilience (MPa)]]/Table24[[#This Row],[Mass (g)]] -> 0.0019580838 | M4: =Table24[[#This Row],[Yield Strength (kN)]]/Table24[[#This Row],[Mass (g)]] -> 0.038868263
A5: 3 | B5: N/a | C5: 0 | D5: 3 | E5: 24.1 | F5: 2.4347 | G5: 354.94 | H5: 0.0235 | I5: 0.693 | J5: =Table24[[#This Row],[Ultimate Tensile Strength (kN)]]/Table24[[#This Row],[Mass (g)]] -> 0.1010249 | K5: =Table24[[#This Row],[Modulus of Elasticity (MPa)]]/Table24[[#This Row],[Mass (g)]] -> 14.727801 | L5: =Table24[[#This Row],[Modulus of Resilience (MPa)]]/Table24[[#This Row],[Mass (g)]] -> 0.00097510373 | M5: =Table24[[#This Row],[Yield Strength (kN)]]/Table24[[#This Row],[Mass (g)]] -> 0.028755187
A6: 4 | B6: Grid | C6: 0.1 | D6: 2 | E6: 23 | F6: 1.7476 | G6: 254.67 | H6: 0.0798 | I6: 1.1251 | J6: =Table24[[#This Row],[Ultimate Tensile Strength (kN)]]/Table24[[#This Row],[Mass (g)]] -> 0.075982609 | K6: =Table24[[#This Row],[Modulus of Elasticity (MPa)]]/Table24[[#This Row],[Mass (g)]] -> 11.072609 | L6: =Table24[[#This Row],[Modulus of Resilience (MPa)]]/Table24[[#This Row],[Mass (g)]] -> 0.0034695652 | M6: =Table24[[#This Row],[Yield Strength (kN)]]/Table24[[#This Row],[Mass (g)]] -> 0.048917391
A7: 5 | B7: Grid | C7: 0.25 | D7: 2 | E7: 35.1 | F7: 2.4642 | G7: 369.98 | H7: 0.135 | I7: 1.7471 | J7: =Table24[[#This Row],[Ultimate Tensile Strength (kN)]]/Table24[[#This Row],[Mass (g)]] -> 0.070205128 | K7: =Table24[[#This Row],[Modulus of Elasticity (MPa)]]/Table24[[#This Row],[Mass (g)]] -> 10.540741 | L7: =Table24[[#This Row],[Modulus of Resilience (MPa)]]/Table24[[#This Row],[Mass (g)]] -> 0.0038461538 | M7: =Table24[[#This Row],[Yield Strength (kN)]]/Table24[[#This Row],[Mass (g)]] -> 0.049774929
A8: 6 | B8: Cubic | C8: 0.1 | D8: 2 | E8: 22.9 | F8: 2.1302 | G8: 319.06 | H8: 0.0673 | I8: 1.1478 | J8: =Table24[[#This Row],[Ultimate Tensile Strength (kN)]]/Table24[[#This Row],[Mass (g)]] -> 0.093021834 | K8: =Table24[[#This Row],[Modulus of Elasticity (MPa)]]/Table24[[#This Row],[Mass (g)]] -> 13.932751 | L8: =Table24[[#This Row],[Modulus of Resilience (MPa)]]/Table24[[#This Row],[Mass (g)]] -> 0.0029388646 | M8: =Table24[[#This Row],[Yield Strength (kN)]]/Table24[[#This Row],[Mass (g)]] -> 0.050122271
A9: 7 | B9: Cubic | C9: 0.25 | D9: 2 | E9: 31.3 | F9: 2.6031 | G9: 390.65 | H9: 0.1223 | I9: 1.731 | J9: =Table24[[#This Row],[Ultimate Tensile Strength (kN)]]/Table24[[#This Row],[Mass (g)]] -> 0.083166134 | K9: =Table24[[#This Row],[Modulus of Elasticity (MPa)]]/Table24[[#This Row],[Mass (g)]] -> 12.480831 | L9: =Table24[[#This Row],[Modulus of Resilience (MPa)]]/Table24[[#This Row],[Mass (g)]] -> 0.0039073482 | M9: =Table24[[#This Row],[Yield Strength (kN)]]/Table24[[#This Row],[Mass (g)]] -> 0.055303514
A10: 8 | B10: Gyroid | C10: 0.1 | D10: 2 | E10: 23 | F10: 2.0438 | G10: 295.55 | H10: 0.0814 | I10: 1.2307 | J10: =Table24[[#This Row],[Ultimate Tensile Strength (kN)]]/Table24[[#This Row],[Mass (g)]] -> 0.08886087 | K10: =Table24[[#This Row],[Modulus of Elasticity (MPa)]]/Table24[[#This Row],[Mass (g)]] -> 12.85 | L10: =Table24[[#This Row],[Modulus of Resilience (MPa)]]/Table24[[#This Row],[Mass (g)]] -> 0.0035391304 | M10: =Table24[[#This Row],[Yield Strength (kN)]]/Table24[[#This Row],[Mass (g)]] -> 0.053508696
A11: 9 | B11: Gyroid | C11: 0.25 | D11: 2 | E11: 31 | F11: 2.3404 | G11: 332.1 | H11: 0.1101 | I11: 1.5126 | J11: =Table24[[#This Row],[Ultimate Tensile Strength (kN)]]/Table24[[#This Row],[Mass (g)]] -> 0.075496774 | K11: =Table24[[#This Row],[Modulus of Elasticity (MPa)]]/Table24[[#This Row],[Mass (g)]] -> 10.712903 | L11: =Table24[[#This Row],[Modulus of Resilience (MPa)]]/Table24[[#This Row],[Mass (g)]] -> 0.0035516129 | M11: =Table24[[#This Row],[Yield Strength (kN)]]/Table24[[#This Row],[Mass (g)]] -> 0.048793548
A12: 10 | B12: Grid | C12: 0.1 | D12: 3 | E12: 29.6 | F12: 2.8334 | G12: 403.11 | H12: 0.1157 | I12: 1.7044 | J12: =Table24[[#This Row],[Ultimate Tensile Strength (kN)]]/Table24[[#This Row],[Mass (g)]] -> 0.095722973 | K12: =Table24[[#This Row],[Modulus of Elasticity (MPa)]]/Table24[[#This Row],[Mass (g)]] -> 13.618581 | L12: =Table24[[#This Row],[Modulus of Resilience (MPa)]]/Table24[[#This Row],[Mass (g)]] -> 0.0039087838 | M12: =Table24[[#This Row],[Yield Strength (kN)]]/Table24[[#This Row],[Mass (g)]] -> 0.057581081
A13: 11 | B13: Grid | C13: 0.25 | D13: 3 | E13: 36.9 | F13: 2.8868 | G13: 414.66 | H13: 0.1236 | I13: 1.7942 | J13: =Table24[[#This Row],[Ultimate Tensile Strength (kN)]]/Table24[[#This Row],[Mass (g)]] -> 0.078233062 | K13: =Table24[[#This Row],[Modulus of Elasticity (MPa)]]/Table24[[#This Row],[Mass (g)]] -> 11.237398 | L13: =Table24[[#This Row],[Modulus of Resilience (MPa)]]/Table24[[#This Row],[Mass (g)]] -> 0.0033495935 | M13: =Table24[[#This Row],[Yield Strength (kN)]]/Table24[[#This Row],[Mass (g)]] -> 0.048623306
A14: 12 | B14: Cubic | C14: 0.1 | D14: 3 | E14: 29.5 | F14: 2.8893 | G14: 423.57 | H14: 0.0704 | I14: 1.35 | J14: =Table24[[#This Row],[Ultimate Tensile Strength (kN)]]/Table24[[#This Row],[Mass (g)]] -> 0.097942373 | K14: =Table24[[#This Row],[Modulus of Elasticity (MPa)]]/Table24[[#This Row],[Mass (g)]] -> 14.358305 | L14: =Table24[[#This Row],[Modulus of Resilience (MPa)]]/Table24[[#This Row],[Mass (g)]] -> 0.0023864407 | M14: =Table24[[#This Row],[Yield Strength (kN)]]/Table24[[#This Row],[Mass (g)]] -> 0.045762712
A15: 13 | B15: Cubic | C15: 0.25 | D15: 3 | E15: 36.9 | F15: 3.2658 | G15: 483.77 | H15: 0.1337 | I15: 2.0056 | J15: =Table24[[#This Row],[Ultimate Tensile Strength (kN)]]/Table24[[#This Row],[Mass (g)]] -> 0.088504065 | K15: =Table24[[#This Row],[Modulus of Elasticity (MPa)]]/Table24[[#This Row],[Mass (g)]] -> 13.110298 | L15: =Table24[[#This Row],[Modulus of Resilience (MPa)]]/Table24[[#This Row],[Mass (g)]] -> 0.0036233062 | M15: =Table24[[#This Row],[Yield Strength (kN)]]/Table24[[#This Row],[Mass (g)]] -> 0.054352304
... A17: 15 | B17: Gyroid | C17: 0.25 | D17: 3 | E17: 36.8 | F17: 3.1633 | G17: 490.71 | H17: 0.0663 | I17: 1.401 | J17: =Table24[[#This Row],[Ultimate Tensile Strength (kN)]]/Table24[[#This Row],[Mass (g)]] -> 0.085959239 | K17: =Table24[[#This Row],[Modulus of Elasticity (MPa)]]/Table24[[#This Row],[Mass (g)]] -> 13.334511 | L17: =Table24[[#This Row],[Modulus of Resilience (MPa)]]/Table24[[#This Row],[Mass (g)]] -> 0.0018016304 | M17: =Table24[[#This Row],[Yield Strength (kN)]]/Table24[[#This Row],[Mass (g)]] -> 0.038070652
A18: Comparison - Infills
B19: Infill Type | C19: Average Values for Given Infill | E19: Mass (g) | F19: Ultimate Tensile Strength (kN) | G19: Modulus of Elasticity (MPA) | H19: Modulus of Resilience | I19: Yield Strength (kN) | J19: Ultimate Tensile Strength (kN) | K19: Modulus of Elasticity (MPA) | L19: Modulus of Resilience | M19: Yield Strength (kN)
B20: Grid | E20: =(SUM(E6:E7)+SUM(E12:E13))/4 -> 31.15 | F20: =(SUM(F6:F7)+SUM(F12:F13))/4 -> 2.483 | G20: =(SUM(G6:G7)+SUM(G12:G13))/4 -> 360.605 | H20: =(SUM(H6:H7)+SUM(H12:H13))/4 -> 0.113525 | I20: =(SUM(I6:I7)+SUM(I12:I13))/4 -> 1.5927 | J20: =(SUM(J6:J7)+SUM(J12:J13))/4 -> 0.080035943 | K20: =(SUM(K6:K7)+SUM(K12:K13))/4 -> 11.617332 | L20: =(SUM(L6:L7)+SUM(L12:L13))/4 -> 0.0036435241 | M20: =(SUM(M6:M7)+SUM(M12:M13))/4 -> 0.051224177
B21: Cubic | E21: =(E8+E9+E14+E15)/4 -> 30.15 | F21: =(F8+F9+F14+F15)/4 -> 2.7221 | G21: =(G8+G9+G14+G15)/4 -> 404.2625 | H21: =(H8+H9+H14+H15)/4 -> 0.098425 | I21: =(I8+I9+I14+I15)/4 -> 1.5586 | J21: =(J8+J9+J14+J15)/4 -> 0.090658602 | K21: =(K8+K9+K14+K15)/4 -> 13.470546 | L21: =(L8+L9+L14+L15)/4 -> 0.0032139899 | M21: =(M8+M9+M14+M15)/4 -> 0.0513852
B22: Gyroid | E22: =(E10+E11+E16+E17)/4 -> 30.15 | F22: =(F10+F11+F16+F17)/4 -> 2.546075 | G22: =(G10+G11+G16+G17)/4 -> 379.9775 | H22: =(H10+H11+H16+H17)/4 -> 0.087125 | I22: =(I10+I11+I16+I17)/4 -> 1.41005 | J22: =(J10+J11+J16+J17)/4 -> 0.084700026 | K22: =(K10+K11+K16+K17)/4 -> 12.593062 | L22: =(L10+L11+L16+L17)/4 -> 0.0029839995 | M22: =(M10+M11+M16+M17)/4 -> 0.047642721
A23: Comparison - Infill Density
C24: Infill Concentration | D24: Average Values for Given Infill Density | E24: Mass (g) | F24: Ultimate Tensile Strength (kN) | G24: Modulus of Elasticity (MPA) | H24: Modulus of Resilience | I24: Yield Strength (kN) | J24: Ultimate Tensile Strength (kN) | K24: Modulus of Elasticity (MPA) | L24: Modulus of Resilience | M24: Yield Strength (kN)
C25: 0 | E25: =(SUM(E4:E5))/2 -> 20.4 | F25: =(SUM(F4:F5))/2 -> 2.02645 | G25: =(SUM(G4:G5))/2 -> 283.205 | H25: =(SUM(H4:H5))/2 -> 0.0281 | I25: =(SUM(I4:I5))/2 -> 0.67105 | J25: =(SUM(J4:J5))/2 -> 0.09896155 | K25: =(SUM(K4:K5))/2 -> 13.695338 | L25: =(SUM(L4:L5))/2 -> 0.0014665938 | M25: =(SUM(M4:M5))/2 -> 0.033811725
C26: 0.1 | E26: =(E6+E8+E10+E12+E14+E16)/6 -> 26.3 | F26: =(F6+F8+F10+F12+F14+F16)/6 -> 2.3801833 | G26: =(G6+G8+G10+G12+G14+G16)/6 -> 349.585 | H26: =(H6+H8+H10+H12+H14+H16)/6 -> 0.084216667 | I26: =(I6+I8+I10+I12+I14+I16)/6 -> 1.3423167 | J26: =(J6+J8+J10+J12+J14+J16)/6 -> 0.090002313 | K26: =(K6+K8+K10+K12+K14+K16)/6 -> 13.217846 | L26: =(L6+L8+L10+L12+L14+L16)/6 -> 0.0032144015 | M26: =(M6+M8+M10+M12+M14+M16)/6 -> 0.051015023
C27: 0.25 | E27: =(E7+E9+E11+E13+E15+E17)/6 -> 34.666667 | F27: =(F7+F9+F11+F13+F15+F17)/6 -> 2.7872667 | G27: =(G7+G9+G11+G13+G15+G17)/6 -> 413.645 | H27: =(H7+H9+H11+H13+H15+H17)/6 -> 0.11516667 | I27: =(I7+I9+I11+I13+I15+I17)/6 -> 1.6985833 | J27: =(J7+J9+J11+J13+J15+J17)/6 -> 0.080260734 | K27: =(K7+K9+K11+K13+K15+K17)/6 -> 11.90278 | L27: =(L7+L9+L11+L13+L15+L17)/6 -> 0.0033466075 | M27: =(M7+M9+M11+M13+M15+M17)/6 -> 0.049153042
C28: 1 | E28: =E3 -> 73 | F28: =F3 -> 9.3463 | G28: =G3 -> 1280.88 | H28: =H3 -> 0.1056 | I28: =I3 -> 2.6982 | J28: =J3 -> 0.12803151 | K28: =K3 -> 17.546301 | L28: =L3 -> 0.0014465753 | M28: =M3 -> 0.036961644
A29: Comparison - Border #
A30: Average Values for Given Border # | D30: Border number | E30: Mass (g) | F30: Ultimate Tensile Strength (kN) | G30: Modulus of Elasticity (MPA) | H30: Modulus of Resilience | I30: Yield Strength (kN) | J30: Ultimate Tensile Strength (kN) | K30: Modulus of Elasticity (MPA) | L30: Modulus of Resilience | M30: Yield Strength (kN)
D31: 2 | E31: =(E4+SUM(E6:E11))/7 -> 26.142857 | F31: =(F4+SUM(F6:F11))/7 -> 2.1353571 | G31: =(G4+SUM(G6:G11))/7 -> 310.49714 | H31: =(H4+SUM(H6:H11))/7 -> 0.0898 | I31: =(I4+SUM(I6:I11))/7 -> 1.3062 | J31: =(J4+SUM(J6:J11))/7 -> 0.083375936 | K31: =(K4+SUM(K6:K11))/7 -> 12.036101 | L31: =(L4+SUM(L6:L11))/7 -> 0.0033158227 | M31: =(M4+SUM(M6:M11))/7 -> 0.049326945
D32: 3 | E32: =(E5+SUM(E12:E17))/7 -> 31.942857 | F32: =(F5+SUM(F12:F17))/7 -> 2.8728714 | G32: =(G5+SUM(G12:G17))/7 -> 424.61571 | H32: =(H5+SUM(H12:H17))/7 -> 0.089128571 | I32: =(I5+SUM(I12:I17))/7 -> 1.4920143 | J32: =(J5+SUM(J12:J17))/7 -> 0.090838547 | K32: =(K5+SUM(K12:K17))/7 -> 13.408818 | L32: =(L5+SUM(L12:L17))/7 -> 0.0027269261 | M32: =(M5+SUM(M12:M17))/7 -> 0.04619189

Sheet PETG
A1: Original Data | J1: Specific (divided by mass)
A2: Index Value | B2: Infill Type | C2: Infill Concentration | D2: Border number | E2: Mass (g) | F2: Ultimate Tensile Strength (kN) | G2: Modulus of Elasticity (MPa) | H2: Modulus of Resilience (MPa) | I2: Yield Strength (kN) | J2: Specific UTS (kN/g) | K2: Specific Modulus of Elasticity (MPa/g) | L2: Specific Modulus of Resilience (MPa/g) | M2: Specifc Yield Strength (kN)
A3: 1 | B3: N/a | C3: 1 | D3: Inf | E3: 74.6 | F3: 9.6693 | G3: 713.07 | H3: 0.2849 | I3: 3.56 | J3: =Table245[[#This Row],[Ultimate Tensile Strength (kN)]]/Table245[[#This Row],[Mass (g)]] -> 0.12961528 | K3: =Table245[[#This Row],[Modulus of Elasticity (MPa)]]/Table245[[#This Row],[Mass (g)]] -> 9.5585791 | L3: =Table245[[#This Row],[Modulus of Resilience (MPa)]]/Table245[[#This Row],[Mass (g)]] -> 0.0038190349 | M3: =Table245[[#This Row],[Yield Strength (kN)]]/Table245[[#This Row],[Mass (g)]] -> 0.04772118
A4: 2 | B4: N/a | C4: 0 | D4: 2 | E4: 18 | F4: 1.5726 | G4: 121.17 | H4: 0.0742 | I4: 0.7568 | J4: =Table245[[#This Row],[Ultimate Tensile Strength (kN)]]/Table245[[#This Row],[Mass (g)]] -> 0.087366667 | K4: =Table245[[#This Row],[Modulus of Elasticity (MPa)]]/Table245[[#This Row],[Mass (g)]] -> 6.7316667 | L4: =Table245[[#This Row],[Modulus of Resilience (MPa)]]/Table245[[#This Row],[Mass (g)]] -> 0.0041222222 | M4: =Table245[[#This Row],[Yield Strength (kN)]]/Table245[[#This Row],[Mass (g)]] -> 0.042044444
A5: 3 | B5: N/a | C5: 0 | D5: 3 | E5: 26.7 | F5: 2.6493 | G5: 228.77 | H5: 0.0259 | I5: 0.598 | J5: =Table245[[#This Row],[Ultimate Tensile Strength (kN)]]/Table245[[#This Row],[Mass (g)]] -> 0.099224719 | K5: =Table245[[#This Row],[Modulus of Elasticity (MPa)]]/Table245[[#This Row],[Mass (g)]] -> 8.5681648 | L5: =Table245[[#This Row],[Modulus of Resilience (MPa)]]/Table245[[#This Row],[Mass (g)]] -> 0.00097003745 | M5: =Table245[[#This Row],[Yield Strength (kN)]]/Table245[[#This Row],[Mass (g)]] -> 0.022397004
A6: 4 | B6: Grid | C6: 0.1 | D6: 2 | E6: 24.4 | F6: 2.0192 | G6: 176.33 | H6: 0.0994 | I6: 1.0671 | J6: =Table245[[#This Row],[Ultimate Tensile Strength (kN)]]/Table245[[#This Row],[Mass (g)]] -> 0.082754098 | K6: =Table245[[#This Row],[Modulus of Elasticity (MPa)]]/Table245[[#This Row],[Mass (g)]] -> 7.2266393 | L6: =Table245[[#This Row],[Modulus of Resilience (MPa)]]/Table245[[#This Row],[Mass (g)]] -> 0.0040737705 | M6: =Table245[[#This Row],[Yield Strength (kN)]]/Table245[[#This Row],[Mass (g)]] -> 0.043733607
A7: 5 | B7: Grid | C7: 0.25 | D7: 2 | E7: 35.5 | F7: 2.3 | G7: 198.2 | H7: 0.2044 | I7: 1.5927 | J7: =Table245[[#This Row],[Ultimate Tensile Strength (kN)]]/Table245[[#This Row],[Mass (g)]] -> 0.064788732 | K7: =Table245[[#This Row],[Modulus of Elasticity (MPa)]]/Table245[[#This Row],[Mass (g)]] -> 5.5830986 | L7: =Table245[[#This Row],[Modulus of Resilience (MPa)]]/Table245[[#This Row],[Mass (g)]] -> 0.0057577465 | M7: =Table245[[#This Row],[Yield Strength (kN)]]/Table245[[#This Row],[Mass (g)]] -> 0.044864789
A8: 6 | B8: Cubic | C8: 0.1 | D8: 2 | E8: 22.5 | F8: 1.7901 | G8: 162.5 | H8: 0.0752 | I8: 0.8549 | J8: =Table245[[#This Row],[Ultimate Tensile Strength (kN)]]/Table245[[#This Row],[Mass (g)]] -> 0.07956 | K8: =Table245[[#This Row],[Modulus of Elasticity (MPa)]]/Table245[[#This Row],[Mass (g)]] -> 7.2222222 | L8: =Table245[[#This Row],[Modulus of Resilience (MPa)]]/Table245[[#This Row],[Mass (g)]] -> 0.0033422222 | M8: =Table245[[#This Row],[Yield Strength (kN)]]/Table245[[#This Row],[Mass (g)]] -> 0.037995556
A9: 7 | B9: Cubic | C9: 0.25 | D9: 2 | E9: 30.8 | F9: 2.2188 | G9: 196.94 | H9: 0.1185 | I9: 1.2204 | J9: =Table245[[#This Row],[Ultimate Tensile Strength (kN)]]/Table245[[#This Row],[Mass (g)]] -> 0.072038961 | K9: =Table245[[#This Row],[Modulus of Elasticity (MPa)]]/Table245[[#This Row],[Mass (g)]] -> 6.3941558 | L9: =Table245[[#This Row],[Modulus of Resilience (MPa)]]/Table245[[#This Row],[Mass (g)]] -> 0.0038474026 | M9: =Table245[[#This Row],[Yield Strength (kN)]]/Table245[[#This Row],[Mass (g)]] -> 0.039623377
A10: 8 | B10: Gyroid | C10: 0.1 | D10: 2 | E10: 22.6 | F10: 1.7519 | G10: 158.37 | H10: 0.0401 | I10: 0.6326 | J10: =Table245[[#This Row],[Ultimate Tensile Strength (kN)]]/Table245[[#This Row],[Mass (g)]] -> 0.077517699 | K10: =Table245[[#This Row],[Modulus of Elasticity (MPa)]]/Table245[[#This Row],[Mass (g)]] -> 7.0075221 | L10: =Table245[[#This Row],[Modulus of Resilience (MPa)]]/Table245[[#This Row],[Mass (g)]] -> 0.0017743363 | M10: =Table245[[#This Row],[Yield Strength (kN)]]/Table245[[#This Row],[Mass (g)]] -> 0.02799115
A11: 9 | B11: Gyroid | C11: 0.25 | D11: 2 | E11: 30.5 | F11: 2.1164 | G11: 183.51 | H11: 0.1204 | I11: 1.1699 | J11: =Table245[[#This Row],[Ultimate Tensile Strength (kN)]]/Table245[[#This Row],[Mass (g)]] -> 0.069390164 | K11: =Table245[[#This Row],[Modulus of Elasticity (MPa)]]/Table245[[#This Row],[Mass (g)]] -> 6.0167213 | L11: =Table245[[#This Row],[Modulus of Resilience (MPa)]]/Table245[[#This Row],[Mass (g)]] -> 0.003947541 | M11: =Table245[[#This Row],[Yield Strength (kN)]]/Table245[[#This Row],[Mass (g)]] -> 0.038357377
A12: 10 | B12: Grid | C12: 0.1 | D12: 3 | E12: 29.2 | F12: 2.3268 | G12: 216.39 | H12: 0.0885 | I12: 1.1034 | J12: =Table245[[#This Row],[Ultimate Tensile Strength (kN)]]/Table245[[#This Row],[Mass (g)]] -> 0.079684932 | K12: =Table245[[#This Row],[Modulus of Elasticity (MPa)]]/Table245[[#This Row],[Mass (g)]] -> 7.4106164 | L12: =Table245[[#This Row],[Modulus of Resilience (MPa)]]/Table245[[#This Row],[Mass (g)]] -> 0.0030308219 | M12: =Table245[[#This Row],[Yield Strength (kN)]]/Table245[[#This Row],[Mass (g)]] -> 0.037787671
A13: 11 | B13: Grid | C13: 0.25 | D13: 3 | E13: 36.1 | F13: 2.5102 | G13: 222.88 | H13: 0.1659 | I13: 1.4642 | J13: =Table245[[#This Row],[Ultimate Tensile Strength (kN)]]/Table245[[#This Row],[Mass (g)]] -> 0.069534626 | K13: =Table245[[#This Row],[Modulus of Elasticity (MPa)]]/Table245[[#This Row],[Mass (g)]] -> 6.1739612 | L13: =Table245[[#This Row],[Modulus of Resilience (MPa)]]/Table245[[#This Row],[Mass (g)]] -> 0.0045955679 | M13: =Table245[[#This Row],[Yield Strength (kN)]]/Table245[[#This Row],[Mass (g)]] -> 0.040559557
A14: 12 | B14: Cubic | C14: 0.1 | D14: 3 | E14: 28.9 | F14: 2.5668 | G14: 234.1 | H14: 0.0723 | I14: 1.0249 | J14: =Table245[[#This Row],[Ultimate Tensile Strength (kN)]]/Table245[[#This Row],[Mass (g)]] -> 0.088816609 | K14: =Table245[[#This Row],[Modulus of Elasticity (MPa)]]/Table245[[#This Row],[Mass (g)]] -> 8.100346 | L14: =Table245[[#This Row],[Modulus of Resilience (MPa)]]/Table245[[#This Row],[Mass (g)]] -> 0.0025017301 | M14: =Table245[[#This Row],[Yield Strength (kN)]]/Table245[[#This Row],[Mass (g)]] -> 0.035463668
A15: 13 | B15: Cubic | C15: 0.25 | D15: 3 | E15: 36.2 | F15: 2.9684 | G15: 297.6 | H15: 0.0455 | I15: 0.9262 | J15: =Table245[[#This Row],[Ultimate Tensile Strength (kN)]]/Table245[[#This Row],[Mass (g)]] -> 0.082 | K15: =Table245[[#This Row],[Modulus of Elasticity (MPa)]]/Table245[[#This Row],[Mass (g)]] -> 8.2209945 | L15: =Table245[[#This Row],[Modulus of Resilience (MPa)]]/Table245[[#This Row],[Mass (g)]] -> 0.0012569061 | M15: =Table245[[#This Row],[Yield Strength (kN)]]/Table245[[#This Row],[Mass (g)]] -> 0.025585635
... A17: 15 | B17: Gyroid | C17: 0.25 | D17: 3 | E17: 35.9 | F17: 2.6422 | G17: 252.96 | H17: 0.0794 | I17: 1.1319 | J17: =Table245[[#This Row],[Ultimate Tensile Strength (kN)]]/Table245[[#This Row],[Mass (g)]] -> 0.073598886 | K17: =Table245[[#This Row],[Modulus of Elasticity (MPa)]]/Table245[[#This Row],[Mass (g)]] -> 7.0462396 | L17: =Table245[[#This Row],[Modulus of Resilience (MPa)]]/Table245[[#This Row],[Mass (g)]] -> 0.0022116992 | M17: =Table245[[#This Row],[Yield Strength (kN)]]/Table245[[#This Row],[Mass (g)]] -> 0.031529248
A18: Comparison - Infills
B19: Infill Type | C19: Average Values for Given Infill Style | E19: Mass (g) | F19: Ultimate Tensile Strength (kN) | G19: Modulus of Elasticity (MPA) | H19: Modulus of Resilience | I19: Yield Strength (kN) | J19: Specific UTS (kN/g) | K19: Specific Modulus of Elasticity (MPa/g) | L19: Specific Modulus of Resilience (MPa/g) | M19: Specifc Yield Strength (kN)
B20: Grid | E20: =(SUM(E6:E7)+SUM(E12:E13))/4 -> 31.3 | F20: =(SUM(F6:F7)+SUM(F12:F13))/4 -> 2.28905 | G20: =(SUM(G6:G7)+SUM(G12:G13))/4 -> 203.45 | H20: =(SUM(H6:H7)+SUM(H12:H13))/4 -> 0.13955 | I20: =(SUM(I6:I7)+SUM(I12:I13))/4 -> 1.30685 | J20: =(SUM(J6:J7)+SUM(J12:J13))/4 -> 0.074190597 | K20: =(SUM(K6:K7)+SUM(K12:K13))/4 -> 6.5985789 | L20: =(SUM(L6:L7)+SUM(L12:L13))/4 -> 0.0043644767 | M20: =(SUM(M6:M7)+SUM(M12:M13))/4 -> 0.041736406
B21: Cubic | E21: =(E8+E9+E14+E15)/4 -> 29.6 | F21: =(F8+F9+F14+F15)/4 -> 2.386025 | G21: =(G8+G9+G14+G15)/4 -> 222.785 | H21: =(H8+H9+H14+H15)/4 -> 0.077875 | I21: =(I8+I9+I14+I15)/4 -> 1.0066 | J21: =(J8+J9+J14+J15)/4 -> 0.080603893 | K21: =(K8+K9+K14+K15)/4 -> 7.4844296 | L21: =(L8+L9+L14+L15)/4 -> 0.0027370653 | M21: =(M8+M9+M14+M15)/4 -> 0.034667059
B22: Gyroid | E22: =(E10+E11+E16+E17)/4 -> 29.55 | F22: =(F10+F11+F16+F17)/4 -> 2.228475 | G22: =(G10+G11+G16+G17)/4 -> 208.6525 | H22: =(H10+H11+H16+H17)/4 -> 0.07135 | I22: =(I10+I11+I16+I17)/4 -> 0.938675 | J22: =(J10+J11+J16+J17)/4 -> 0.075703742 | K22: =(K10+K11+K16+K17)/4 -> 7.0704461 | L22: =(L10+L11+L16+L17)/4 -> 0.0023729489 | M22: =(M10+M11+M16+M17)/4 -> 0.03149256
A23: Comparison - Infill Density
C24: Infill Concentration | D24: Average Values for Given Infill Density | E24: Mass (g) | F24: Ultimate Tensile Strength (kN) | G24: Modulus of Elasticity (MPA) | H24: Modulus of Resilience | I24: Yield Strength (kN) | J24: Specific UTS (kN/g) | K24: Specific Modulus of Elasticity (MPa/g) | L24: Specific Modulus of Resilience (MPa/g) | M24: Specifc Yield Strength (kN)
C25: 0 | E25: =(SUM(E4:E5))/2 -> 22.35 | F25: =(SUM(F4:F5))/2 -> 2.11095 | G25: =(SUM(G4:G5))/2 -> 174.97 | H25: =(SUM(H4:H5))/2 -> 0.05005 | I25: =(SUM(I4:I5))/2 -> 0.6774 | J25: =(SUM(J4:J5))/2 -> 0.093295693 | K25: =(SUM(K4:K5))/2 -> 7.6499157 | L25: =(SUM(L4:L5))/2 -> 0.0025461298 | M25: =(SUM(M4:M5))/2 -> 0.032220724
C26: 0.1 | E26: =(E6+E8+E10+E12+E14+E16)/6 -> 26.133333 | F26: =(F6+F8+F10+F12+F14+F16)/6 -> 2.1430333 | G26: =(G6+G8+G10+G12+G14+G16)/6 -> 197.91 | H26: =(H6+H8+H10+H12+H14+H16)/6 -> 0.070166667 | I26: =(I6+I8+I10+I12+I14+I16)/6 -> 0.9172 | J26: =(J6+J8+J10+J12+J14+J16)/6 -> 0.081773593 | K26: =(K6+K8+K10+K12+K14+K16)/6 -> 7.5297746 | L26: =(L6+L8+L10+L12+L14+L16)/6 -> 0.0027135167 | M26: =(M6+M8+M10+M12+M14+M16)/6 -> 0.035177353
C27: 0.25 | E27: =(E7+E9+E11+E13+E15+E17)/6 -> 34.166667 | F27: =(F7+F9+F11+F13+F15+F17)/6 -> 2.4593333 | G27: =(G7+G9+G11+G13+G15+G17)/6 -> 225.34833 | H27: =(H7+H9+H11+H13+H15+H17)/6 -> 0.12235 | I27: =(I7+I9+I11+I13+I15+I17)/6 -> 1.2508833 | J27: =(J7+J9+J11+J13+J15+J17)/6 -> 0.071891895 | K27: =(K7+K9+K11+K13+K15+K17)/6 -> 6.5725285 | L27: =(L7+L9+L11+L13+L15+L17)/6 -> 0.0036028105 | M27: =(M7+M9+M11+M13+M15+M17)/6 -> 0.03675333
C28: 1 | E28: =E3 -> 74.6 | F28: =F3 -> 9.6693 | G28: =G3 -> 713.07 | H28: =H3 -> 0.2849 | I28: =I3 -> 3.56 | J28: =J3 -> 0.12961528 | K28: =K3 -> 9.5585791 | L28: =L3 -> 0.0038190349 | M28: =M3 -> 0.04772118
A29: Comparison - Border #
A30: Average Values for Given Border # | D30: Border number | E30: Mass (g) | F30: Ultimate Tensile Strength (kN) | G30: Modulus of Elasticity (MPA) | H30: Modulus of Resilience | I30: Yield Strength (kN) | J30: Specific UTS (kN/g) | K30: Specific Modulus of Elasticity (MPa/g) | L30: Specific Modulus of Resilience (MPa/g) | M30: Specifc Yield Strength (kN)
D31: 2 | E31: =(E4+SUM(E6:E11))/7 -> 26.328571 | F31: =(F4+SUM(F6:F11))/7 -> 1.967 | G31: =(G4+SUM(G6:G11))/7 -> 171.00286 | H31: =(H4+SUM(H6:H11))/7 -> 0.1046 | I31: =(I4+SUM(I6:I11))/7 -> 1.0420571 | J31: =(J4+SUM(J6:J11))/7 -> 0.076202332 | K31: =(K4+SUM(K6:K11))/7 -> 6.5974323 | L31: =(L4+SUM(L6:L11))/7 -> 0.0038378916 | M31: =(M4+SUM(M6:M11))/7 -> 0.039230043
D32: 3 | E32: =(E5+SUM(E12:E17))/7 -> 31.742857 | F32: =(F5+SUM(F12:F17))/7 -> 2.5810143 | G32: =(G5+SUM(G12:G17))/7 -> 241.78143 | H32: =(H5+SUM(H12:H17))/7 -> 0.074714286 | I32: =(I5+SUM(I12:I17))/7 -> 1.0098429 | J32: =(J5+SUM(J12:J17))/7 -> 0.082166856 | K32: =(K5+SUM(K12:K17))/7 -> 7.6759463 | L32: =(L5+SUM(L12:L17))/7 -> 0.0023035688 | M32: =(M5+SUM(M12:M17))/7 -> 0.03163075

Sheet Index Chart
A2: Index Value | B2: Infill Type | C2: Infill Concentration | D2: Index Value | E2: Infill Type | F2: Infill Concentration | G2: Index Value | H2: Infill Type | I2: Infill Concentration
A3: 1 | B3: N/a | C3: 1 | D3: 6 | E3: Cubic | F3: 0.1 | G3: 11 | H3: Grid | I3: 0.25
A4: 2 | B4: N/a | C4: 0 | D4: 7 | E4: Cubic | F4: 0.25 | G4: 12 | H4: Cubic | I4: 0.1
A5: 3 | B5: N/a | C5: 0 | D5: 8 | E5: Gyroid | F5: 0.1 | G5: 13 | H5: Cubic | I5: 0.25
A6: 4 | B6: Grid | C6: 0.1 | D6: 9 | E6: Gyroid | F6: 0.25 | G6: 14 | H6: Gyroid | I6: 0.1
A7: 5 | B7: Grid | C7: 0.25 | D7: 10 | E7: Grid | F7: 0.1 | G7: 15 | H7: Gyroid | I7: 0.25

Sheet Infill Style Comparison - UTS
A2: Grid | E2: Cubic | I2: Gyroid
A3: Material | B3: Index | C3: Ultimate Tensile Strength (kN) | E3: Material | F3: Index | G3: Ultimate Tensile Strength (kN) | I3: Material | J3: Index | K3: Ultimate Tensile Strength (kN) | M3: Grid | N3: Cubic | O3: Gyroid
A4: ABS | B4: 4 | C4: =ABS!F6 -> 1.335 | E4: ABS | F4: 6 | G4: =D38 -> 1.4693 | I4: ABS | J4: 8 | K4: =D40 -> 1.4343 | M4: =C4 -> 1.335 | N4: =G4 -> 1.4693 | O4: =K4 -> 1.4343
A5: ABS | B5: 5 | C5: =ABS!F7 -> 1.445 | E5: ABS | F5: 7 | G5: =D39 -> 1.8183 | I5: ABS | J5: 9 | K5: =D41 -> 1.5629 | M5: =C5 -> 1.445 | N5: =G5 -> 1.8183 | O5: =K5 -> 1.5629
A6: ABS | B6: 10 | C6: =ABS!F12 -> 1.8508 | E6: ABS | F6: 12 | G6: =D44 -> 2.0702 | I6: ABS | J6: 14 | K6: =D46 -> 1.8688 | M6: =C6 -> 1.8508 | N6: =G6 -> 2.0702 | O6: =K6 -> 1.8688
A7: ABS | B7: 11 | C7: =ABS!F13 -> 2.1374 | E7: ABS | F7: 13 | G7: =D45 -> 2.3705 | I7: ABS | J7: 15 | K7: =D47 -> 2.1361 | M7: =C7 -> 2.1374 | N7: =G7 -> 2.3705 | O7: =K7 -> 2.1361
A8: PLA | B8: 4 | C8: =PLA!F6 -> 1.7476 | E8: PLA | F8: 6 | G8: =I38 -> 2.1302 | I8: PLA | J8: 8 | K8: =I40 -> 2.0438 | M8: =C8 -> 1.7476 | N8: =G8 -> 2.1302 | O8: =K8 -> 2.0438
A9: PLA | B9: 5 | C9: =PLA!F7 -> 2.4642 | E9: PLA | F9: 7 | G9: =I39 -> 2.6031 | I9: PLA | J9: 9 | K9: =I41 -> 2.3404 | M9: =C9 -> 2.4642 | N9: =G9 -> 2.6031 | O9: =K9 -> 2.3404
A10: PLA | B10: 10 | C10: =PLA!F12 -> 2.8334 | E10: PLA | F10: 12 | G10: =I44 -> 2.8893 | I10: PLA | J10: 14 | K10: =I46 -> 2.6368 | M10: =C10 -> 2.8334 | N10: =G10 -> 2.8893 | O10: =K10 -> 2.6368
A11: PLA | B11: 11 | C11: =PLA!F13 -> 2.8868 | E11: PLA | F11: 13 | G11: =I45 -> 3.2658 | I11: PLA | J11: 15 | K11: =I47 -> 3.1633 | M11: =C11 -> 2.8868 | N11: =G11 -> 3.2658 | O11: =K11 -> 3.1633
A12: PETG | B12: 4 | C12: =PETG!F6 -> 2.0192 | E12: PETG | F12: 6 | G12: =N38 -> 1.7901 | I12: PETG | J12: 8 | K12: =N40 -> 1.7519 | M12: =C12 -> 2.0192 | N12: =G12 -> 1.7901 | O12: =K12 -> 1.7519
A13: PETG | B13: 5 | C13: =PETG!F7 -> 2.3 | E13: PETG | F13: 7 | G13: =N39 -> 2.2188 | I13: PETG | J13: 9 | K13: =N41 -> 2.1164 | M13: =C13 -> 2.3 | N13: =G13 -> 2.2188 | O13: =K13 -> 2.1164
A14: PETG | B14: 10 | C14: =PETG!F12 -> 2.3268 | E14: PETG | F14: 12 | G14: =N44 -> 2.5668 | I14: PETG | J14: 14 | K14: =N46 -> 2.4034 | M14: =C14 -> 2.3268 | N14: =G14 -> 2.5668 | O14: =K14 -> 2.4034
A15: PETG | B15: 11 | C15: =PETG!F13 -> 2.5102 | E15: PETG | F15: 13 | G15: =N45 -> 2.9684 | I15: PETG | J15: 15 | K15: =N47 -> 2.6422 | M15: =C15 -> 2.5102 | N15: =G15 -> 2.9684 | O15: =K15 -> 2.6422
A16: Infill | B16: Average Ultimate Strength
A17: Grid | B17: =AVERAGE(C4:C15) -> 2.1547
A18: Cubic | B18: =AVERAGE(G4:G15) -> 2.3467333
A19: Gyroid | B19: =AVERAGE(K4:K15) -> 2.175025
A21: Max Difference: | B21: =(1-B17/B18) -> 0.081830062
A34: ABS | F34: PLA | K34: PETG
A35: Index Value | B35: Infill Type | C35: Mass (g) | D35: Ultimate Tensile Strength (kN) | F35: Index Value | G35: Infill Type | H35: Mass (g) | I35: Ultimate Tensile Strength (kN) | K35: Index Value | L35: Infill Type | M35: Mass (g) | N35: Ultimate Tensile Strength (kN)
A36: 4 | B36: Grid | C36: 19.2 | D36: 1.335 | F36: 4 | G36: Grid | H36: 23 | I36: 1.7476 | K36: 4 | L36: Grid | M36: 24.4 | N36: 2.0192
A37: 5 | B37: Grid | C37: 26 | D37: 1.445 | F37: 5 | G37: Grid | H37: 35.1 | I37: 2.4642 | K37: 5 | L37: Grid | M37: 35.5 | N37: 2.3
A38: 6 | B38: Cubic | C38: 19 | D38: 1.4693 | F38: 6 | G38: Cubic | H38: 22.9 | I38: 2.1302 | K38: 6 | L38: Cubic | M38: 22.5 | N38: 1.7901
A39: 7 | B39: Cubic | C39: 26.1 | D39: 1.8183 | F39: 7 | G39: Cubic | H39: 31.3 | I39: 2.6031 | K39: 7 | L39: Cubic | M39: 30.8 | N39: 2.2188
A40: 8 | B40: Gyroid | C40: 19 | D40: 1.4343 | F40: 8 | G40: Gyroid | H40: 23 | I40: 2.0438 | K40: 8 | L40: Gyroid | M40: 22.6 | N40: 1.7519
A41: 9 | B41: Gyroid | C41: 25.6 | D41: 1.5629 | F41: 9 | G41: Gyroid | H41: 31 | I41: 2.3404 | K41: 9 | L41: Gyroid | M41: 30.5 | N41: 2.1164
A42: 10 | B42: Grid | C42: 24.5 | D42: 1.8508 | F42: 10 | G42: Grid | H42: 29.6 | I42: 2.8334 | K42: 10 | L42: Grid | M42: 29.2 | N42: 2.3268
A43: 11 | B43: Grid | C43: 30.8 | D43: 2.1374 | F43: 11 | G43: Grid | H43: 36.9 | I43: 2.8868 | K43: 11 | L43: Grid | M43: 36.1 | N43: 2.5102
A44: 12 | B44: Cubic | C44: 24.6 | D44: 2.0702 | F44: 12 | G44: Cubic | H44: 29.5 | I44: 2.8893 | K44: 12 | L44: Cubic | M44: 28.9 | N44: 2.5668
A45: 13 | B45: Cubic | C45: 30.8 | D45: 2.3705 | F45: 13 | G45: Cubic | H45: 36.9 | I45: 3.2658 | K45: 13 | L45: Cubic | M45: 36.2 | N45: 2.9684
A46: 14 | B46: Gyroid | C46: 24.6 | D46: 1.8688 | F46: 14 | G46: Gyroid | H46: 29.8 | I46: 2.6368 | K46: 14 | L46: Gyroid | M46: 29.2 | N46: 2.4034
A47: 15 | B47: Gyroid | C47: 30.4 | D47: 2.1361 | F47: 15 | G47: Gyroid | H47: 36.8 | I47: 3.1633 | K47: 15 | L47: Gyroid | M47: 35.9 | N47: 2.6422

Sheet Infill Style Comparison - MoE
A2: Grid | E2: Cubic | I2: Gyroid
A3: Material | B3: Index | C3: Ultimate Tensile Strength (kN) | E3: Material | F3: Index | G3: Ultimate Tensile Strength (kN) | I3: Material | J3: Index | K3: Ultimate Tensile Strength (kN) | M3: Grid | N3: Cubic | O3: Gyroid
A4: ABS | B4: 4 | C4: =D36 -> 205.66 | E4: ABS | F4: 6 | G4: =D38 -> 227.06 | I4: ABS | J4: 8 | K4: =D40 -> 190.34 | M4: =C4 -> 205.66 | N4: =G4 -> 227.06 | O4: =K4 -> 190.34
A5: ABS | B5: 5 | C5: =D37 -> 201.67 | E5: ABS | F5: 7 | G5: =D39 -> 250.75 | I5: ABS | J5: 9 | K5: =D41 -> 238.64 | M5: =C5 -> 201.67 | N5: =G5 -> 250.75 | O5: =K5 -> 238.64
A6: ABS | B6: 10 | C6: =D42 -> 252.92 | E6: ABS | F6: 12 | G6: =D44 -> 318.51 | I6: ABS | J6: 14 | K6: =D46 -> 277.42 | M6: =C6 -> 252.92 | N6: =G6 -> 318.51 | O6: =K6 -> 277.42
A7: ABS | B7: 11 | C7: =D43 -> 276.22 | E7: ABS | F7: 13 | G7: =D45 -> 326.7 | I7: ABS | J7: 15 | K7: =D47 -> 285.92 | M7: =C7 -> 276.22 | N7: =G7 -> 326.7 | O7: =K7 -> 285.92
A8: PLA | B8: 4 | C8: =I36 -> 254.67 | E8: PLA | F8: 6 | G8: =I38 -> 319.06 | I8: PLA | J8: 8 | K8: =I40 -> 295.55 | M8: =C8 -> 254.67 | N8: =G8 -> 319.06 | O8: =K8 -> 295.55
A9: PLA | B9: 5 | C9: =I37 -> 369.98 | E9: PLA | F9: 7 | G9: =I39 -> 390.65 | I9: PLA | J9: 9 | K9: =I41 -> 332.1 | M9: =C9 -> 369.98 | N9: =G9 -> 390.65 | O9: =K9 -> 332.1
A10: PLA | B10: 10 | C10: =I42 -> 403.11 | E10: PLA | F10: 12 | G10: =I44 -> 423.57 | I10: PLA | J10: 14 | K10: =I46 -> 401.55 | M10: =C10 -> 403.11 | N10: =G10 -> 423.57 | O10: =K10 -> 401.55
A11: PLA | B11: 11 | C11: =I43 -> 414.66 | E11: PLA | F11: 13 | G11: =I45 -> 483.77 | I11: PLA | J11: 15 | K11: =I47 -> 490.71 | M11: =C11 -> 414.66 | N11: =G11 -> 483.77 | O11: =K11 -> 490.71
A12: PETG | B12: 4 | C12: =N36 -> 176.33 | E12: PETG | F12: 6 | G12: =N38 -> 162.5 | I12: PETG | J12: 8 | K12: =N40 -> 158.37 | M12: =C12 -> 176.33 | N12: =G12 -> 162.5 | O12: =K12 -> 158.37
A13: PETG | B13: 5 | C13: =N37 -> 198.2 | E13: PETG | F13: 7 | G13: =N39 -> 196.94 | I13: PETG | J13: 9 | K13: =N41 -> 183.51 | M13: =C13 -> 198.2 | N13: =G13 -> 196.94 | O13: =K13 -> 183.51
A14: PETG | B14: 10 | C14: =N42 -> 216.39 | E14: PETG | F14: 12 | G14: =N44 -> 234.1 | I14: PETG | J14: 14 | K14: =N46 -> 239.77 | M14: =C14 -> 216.39 | N14: =G14 -> 234.1 | O14: =K14 -> 239.77
A15: PETG | B15: 11 | C15: =N43 -> 222.88 | E15: PETG | F15: 13 | G15: =N45 -> 297.6 | I15: PETG | J15: 15 | K15: =N47 -> 252.96 | M15: =C15 -> 222.88 | N15: =G15 -> 297.6 | O15: =K15 -> 252.96
A16: Infill | B16: Average Ultimate Strength
A17: Grid | B17: =AVERAGE(C4:C15) -> 266.0575
A18: Cubic | B18: =AVERAGE(G4:G15) -> 302.60083
A19: Gyroid | B19: =AVERAGE(K4:K15) -> 278.90333
A21: Max Difference: | B21: =(1-B17/B18) -> 0.12076415
A34: ABS | F34: PLA | K34: PETG
A35: Index Value | B35: Infill Type | C35: Mass (g) | D35: Modulus of Elasticity (MPa) | F35: Index Value | G35: Infill Type | H35: Mass (g) | I35: Modulus of Elasticity (MPa) | K35: Index Value | L35: Infill Type | M35: Mass (g) | N35: Modulus of Elasticity (MPa)
A36: 4 | B36: Grid | C36: 19.2 | D36: 205.66 | F36: 4 | G36: Grid | H36: 23 | I36: 254.67 | K36: 4 | L36: Grid | M36: 24.4 | N36: 176.33
A37: 5 | B37: Grid | C37: 26 | D37: 201.67 | F37: 5 | G37: Grid | H37: 35.1 | I37: 369.98 | K37: 5 | L37: Grid | M37: 35.5 | N37: 198.2
A38: 6 | B38: Cubic | C38: 19 | D38: 227.06 | F38: 6 | G38: Cubic | H38: 22.9 | I38: 319.06 | K38: 6 | L38: Cubic | M38: 22.5 | N38: 162.5
A39: 7 | B39: Cubic | C39: 26.1 | D39: 250.75 | F39: 7 | G39: Cubic | H39: 31.3 | I39: 390.65 | K39: 7 | L39: Cubic | M39: 30.8 | N39: 196.94
A40: 8 | B40: Gyroid | C40: 19 | D40: 190.34 | F40: 8 | G40: Gyroid | H40: 23 | I40: 295.55 | K40: 8 | L40: Gyroid | M40: 22.6 | N40: 158.37
A41: 9 | B41: Gyroid | C41: 25.6 | D41: 238.64 | F41: 9 | G41: Gyroid | H41: 31 | I41: 332.1 | K41: 9 | L41: Gyroid | M41: 30.5 | N41: 183.51
A42: 10 | B42: Grid | C42: 24.5 | D42: 252.92 | F42: 10 | G42: Grid | H42: 29.6 | I42: 403.11 | K42: 10 | L42: Grid | M42: 29.2 | N42: 216.39
A43: 11 | B43: Grid | C43: 30.8 | D43: 276.22 | F43: 11 | G43: Grid | H43: 36.9 | I43: 414.66 | K43: 11 | L43: Grid | M43: 36.1 | N43: 222.88
A44: 12 | B44: Cubic | C44: 24.6 | D44: 318.51 | F44: 12 | G44: Cubic | H44: 29.5 | I44: 423.57 | K44: 12 | L44: Cubic | M44: 28.9 | N44: 234.1
A45: 13 | B45: Cubic | C45: 30.8 | D45: 326.7 | F45: 13 | G45: Cubic | H45: 36.9 | I45: 483.77 | K45: 13 | L45: Cubic | M45: 36.2 | N45: 297.6
A46: 14 | B46: Gyroid | C46: 24.6 | D46: 277.42 | F46: 14 | G46: Gyroid | H46: 29.8 | I46: 401.55 | K46: 14 | L46: Gyroid | M46: 29.2 | N46: 239.77
A47: 15 | B47: Gyroid | C47: 30.4 | D47: 285.92 | F47: 15 | G47: Gyroid | H47: 36.8 | I47: 490.71 | K47: 15 | L47: Gyroid | M47: 35.9 | N47: 252.96

Sheet Infill Style Comparison - MoR
A2: ABS | E2: PLA | I2: PETG
A3: Material | B3: Index | C3: Modulus of Resilience (MPa) | E3: Material | F3: Index | G3: Modulus of Resilience (MPa) | I3: Material | J3: Index | K3: Modulus of Resilience (MPa) | M3: Grid | N3: Cubic | O3: Gyroid
A4: ABS | B4: 4 | C4: =D36 -> 0.0207 | E4: ABS | F4: 6 | G4: =D38 -> 0.0161 | I4: ABS | J4: 8 | K4: =D40 -> 0.0587 | M4: =C4 -> 0.0207 | N4: =G4 -> 0.0161 | O4: =K4 -> 0.0587
A5: ABS | B5: 5 | C5: =D37 -> 0.061 | E5: ABS | F5: 7 | G5: =D39 -> 0.0893 | I5: ABS | J5: 9 | K5: =D41 -> 0.0256 | M5: =C5 -> 0.061 | N5: =G5 -> 0.0893 | O5: =K5 -> 0.0256
A6: ABS | B6: 10 | C6: =D38 -> 0.0161 | E6: ABS | F6: 12 | G6: =D44 -> 0.0202 | I6: ABS | J6: 14 | K6: =D46 -> 0.0392 | M6: =C6 -> 0.0161 | N6: =G6 -> 0.0202 | O6: =K6 -> 0.0392
A7: ABS | B7: 11 | C7: =D39 -> 0.0893 | E7: ABS | F7: 13 | G7: =D45 -> 0.1067 | I7: ABS | J7: 15 | K7: =D47 -> 0.0969 | M7: =C7 -> 0.0893 | N7: =G7 -> 0.1067 | O7: =K7 -> 0.0969
A8: PLA | B8: 4 | C8: =D40 -> 0.0587 | E8: PLA | F8: 6 | G8: =I38 -> 0.0673 | I8: PLA | J8: 8 | K8: =I40 -> 0.0814 | M8: =C8 -> 0.0587 | N8: =G8 -> 0.0673 | O8: =K8 -> 0.0814
A9: PLA | B9: 5 | C9: =D41 -> 0.0256 | E9: PLA | F9: 7 | G9: =I39 -> 0.1223 | I9: PLA | J9: 9 | K9: =I41 -> 0.1101 | M9: =C9 -> 0.0256 | N9: =G9 -> 0.1223 | O9: =K9 -> 0.1101
A10: PLA | B10: 10 | C10: =D42 -> 0.0791 | E10: PLA | F10: 12 | G10: =I44 -> 0.0704 | I10: PLA | J10: 14 | K10: =I46 -> 0.0907 | M10: =C10 -> 0.0791 | N10: =G10 -> 0.0704 | O10: =K10 -> 0.0907
A11: PLA | B11: 11 | C11: =D43 -> 0.1307 | E11: PLA | F11: 13 | G11: =I45 -> 0.1337 | I11: PLA | J11: 15 | K11: =I47 -> 0.0663 | M11: =C11 -> 0.1307 | N11: =G11 -> 0.1337 | O11: =K11 -> 0.0663
A12: PETG | B12: 4 | C12: =D44 -> 0.0202 | E12: PETG | F12: 6 | G12: =N38 -> 0.0752 | I12: PETG | J12: 8 | K12: =N40 -> 0.0401 | M12: =C12 -> 0.0202 | N12: =G12 -> 0.0752 | O12: =K12 -> 0.0401
A13: PETG | B13: 5 | C13: =D45 -> 0.1067 | E13: PETG | F13: 7 | G13: =N39 -> 0.1185 | I13: PETG | J13: 9 | K13: =N41 -> 0.1204 | M13: =C13 -> 0.1067 | N13: =G13 -> 0.1185 | O13: =K13 -> 0.1204
A14: PETG | B14: 10 | C14: =D46 -> 0.0392 | E14: PETG | F14: 12 | G14: =N44 -> 0.0723 | I14: PETG | J14: 14 | K14: =N46 -> 0.0455 | M14: =C14 -> 0.0392 | N14: =G14 -> 0.0723 | O14: =K14 -> 0.0455
A15: PETG | B15: 11 | C15: =D47 -> 0.0969 | E15: PETG | F15: 13 | G15: =N45 -> 0.0455 | I15: PETG | J15: 15 | K15: =N47 -> 0.0794 | M15: =C15 -> 0.0969 | N15: =G15 -> 0.0455 | O15: =K15 -> 0.0794
A16: Infill | B16: Average Modulus of Resilience
A17: Grid | B17: =AVERAGE(C4:C15) -> 0.062016667
A18: Cubic | B18: =AVERAGE(G4:G15) -> 0.078125
A19: Gyroid | B19: =AVERAGE(K4:K15) -> 0.071191667
A21: Max Difference: | B21: =(1-B19/B17) -> -0.1479441
A34: ABS | F34: PLA | K34: PETG
A35: Index Value | B35: Infill Type | C35: Mass (g) | D35: Modulus of Resilience (MPa) | F35: Index Value | G35: Infill Type | H35: Mass (g) | I35: Modulus of Resilience (MPa) | K35: Index Value | L35: Infill Type | M35: Mass (g) | N35: Modulus of Resilience (MPa)
A36: 4 | B36: Grid | C36: 19.2 | D36: 0.0207 | F36: 4 | G36: Grid | H36: 23 | I36: 0.0798 | K36: 4 | L36: Grid | M36: 24.4 | N36: 0.0994
A37: 5 | B37: Grid | C37: 26 | D37: 0.061 | F37: 5 | G37: Grid | H37: 35.1 | I37: 0.135 | K37: 5 | L37: Grid | M37: 35.5 | N37: 0.2044
A38: 6 | B38: Cubic | C38: 19 | D38: 0.0161 | F38: 6 | G38: Cubic | H38: 22.9 | I38: 0.0673 | K38: 6 | L38: Cubic | M38: 22.5 | N38: 0.0752
A39: 7 | B39: Cubic | C39: 26.1 | D39: 0.0893 | F39: 7 | G39: Cubic | H39: 31.3 | I39: 0.1223 | K39: 7 | L39: Cubic | M39: 30.8 | N39: 0.1185
A40: 8 | B40: Gyroid | C40: 19 | D40: 0.0587 | F40: 8 | G40: Gyroid | H40: 23 | I40: 0.0814 | K40: 8 | L40: Gyroid | M40: 22.6 | N40: 0.0401
A41: 9 | B41: Gyroid | C41: 25.6 | D41: 0.0256 | F41: 9 | G41: Gyroid | H41: 31 | I41: 0.1101 | K41: 9 | L41: Gyroid | M41: 30.5 | N41: 0.1204
A42: 10 | B42: Grid | C42: 24.5 | D42: 0.0791 | F42: 10 | G42: Grid | H42: 29.6 | I42: 0.1157 | K42: 10 | L42: Grid | M42: 29.2 | N42: 0.0885
A43: 11 | B43: Grid | C43: 30.8 | D43: 0.1307 | F43: 11 | G43: Grid | H43: 36.9 | I43: 0.1236 | K43: 11 | L43: Grid | M43: 36.1 | N43: 0.1659
A44: 12 | B44: Cubic | C44: 24.6 | D44: 0.0202 | F44: 12 | G44: Cubic | H44: 29.5 | I44: 0.0704 | K44: 12 | L44: Cubic | M44: 28.9 | N44: 0.0723
A45: 13 | B45: Cubic | C45: 30.8 | D45: 0.1067 | F45: 13 | G45: Cubic | H45: 36.9 | I45: 0.1337 | K45: 13 | L45: Cubic | M45: 36.2 | N45: 0.0455
A46: 14 | B46: Gyroid | C46: 24.6 | D46: 0.0392 | F46: 14 | G46: Gyroid | H46: 29.8 | I46: 0.0907 | K46: 14 | L46: Gyroid | M46: 29.2 | N46: 0.0455
A47: 15 | B47: Gyroid | C47: 30.4 | D47: 0.0969 | F47: 15 | G47: Gyroid | H47: 36.8 | I47: 0.0663 | K47: 15 | L47: Gyroid | M47: 35.9 | N47: 0.0794

Sheet Infill Style Comparison - YS
A2: Grid | E2: Cubic | I2: Gyroid
A3: Material | B3: Index | C3: Yield Strength (kN) | E3: Material | F3: Index | G3: Yield Strength (kN) | I3: Material | J3: Index | K3: Yield Strength (kN) | M3: Grid | N3: Cubic | O3: Gyroid
A4: ABS | B4: 4 | C4: =D36 -> 0.5052 | E4: ABS | F4: 6 | G4: =D38 -> 0.4627 | I4: ABS | J4: 8 | K4: =D40 -> 0.8357 | M4: =C4 -> 0.5052 | N4: =G4 -> 0.4627 | O4: =K4 -> 0.8357
A5: ABS | B5: 5 | C5: =D37 -> 0.8843 | E5: ABS | F5: 7 | G5: =D39 -> 1.1915 | I5: ABS | J5: 9 | K5: =D41 -> 0.6075 | M5: =C5 -> 0.8843 | N5: =G5 -> 1.1915 | O5: =K5 -> 0.6075
A6: ABS | B6: 10 | C6: =D38 -> 0.4627 | E6: ABS | F6: 12 | G6: =D44 -> 0.6075 | I6: ABS | J6: 14 | K6: =D46 -> 0.8138 | M6: =C6 -> 0.4627 | N6: =G6 -> 0.6075 | O6: =K6 -> 0.8138
A7: ABS | B7: 11 | C7: =D39 -> 1.1915 | E7: ABS | F7: 13 | G7: =D45 -> 1.4839 | I7: ABS | J7: 15 | K7: =D47 -> 1.3223 | M7: =C7 -> 1.1915 | N7: =G7 -> 1.4839 | O7: =K7 -> 1.3223
A8: PLA | B8: 4 | C8: =D40 -> 0.8357 | E8: PLA | F8: 6 | G8: =I38 -> 1.1478 | I8: PLA | J8: 8 | K8: =I40 -> 1.2307 | M8: =C8 -> 0.8357 | N8: =G8 -> 1.1478 | O8: =K8 -> 1.2307
A9: PLA | B9: 5 | C9: =D41 -> 0.6075 | E9: PLA | F9: 7 | G9: =I39 -> 1.731 | I9: PLA | J9: 9 | K9: =I41 -> 1.5126 | M9: =C9 -> 0.6075 | N9: =G9 -> 1.731 | O9: =K9 -> 1.5126
A10: PLA | B10: 10 | C10: =D42 -> 1.1189 | E10: PLA | F10: 12 | G10: =I44 -> 1.35 | I10: PLA | J10: 14 | K10: =I46 -> 1.4959 | M10: =C10 -> 1.1189 | N10: =G10 -> 1.35 | O10: =K10 -> 1.4959
A11: PLA | B11: 11 | C11: =D43 -> 1.518 | E11: PLA | F11: 13 | G11: =I45 -> 2.0056 | I11: PLA | J11: 15 | K11: =I47 -> 1.401 | M11: =C11 -> 1.518 | N11: =G11 -> 2.0056 | O11: =K11 -> 1.401
A12: PETG | B12: 4 | C12: =D44 -> 0.6075 | E12: PETG | F12: 6 | G12: =N38 -> 0.8549 | I12: PETG | J12: 8 | K12: =N40 -> 0.6326 | M12: =C12 -> 0.6075 | N12: =G12 -> 0.8549 | O12: =K12 -> 0.6326
A13: PETG | B13: 5 | C13: =D45 -> 1.4839 | E13: PETG | F13: 7 | G13: =N39 -> 1.2204 | I13: PETG | J13: 9 | K13: =N41 -> 1.1699 | M13: =C13 -> 1.4839 | N13: =G13 -> 1.2204 | O13: =K13 -> 1.1699
A14: PETG | B14: 10 | C14: =D46 -> 0.8138 | E14: PETG | F14: 12 | G14: =N44 -> 1.0249 | I14: PETG | J14: 14 | K14: =N46 -> 0.8203 | M14: =C14 -> 0.8138 | N14: =G14 -> 1.0249 | O14: =K14 -> 0.8203
A15: PETG | B15: 11 | C15: =D47 -> 1.3223 | E15: PETG | F15: 13 | G15: =N45 -> 0.9262 | I15: PETG | J15: 15 | K15: =N47 -> 1.1319 | M15: =C15 -> 1.3223 | N15: =G15 -> 0.9262 | O15: =K15 -> 1.1319
A16: Infill | B16: Average Yield Strength
A17: Grid | B17: =AVERAGE(C4:C15) -> 0.94594167
A18: Cubic | B18: =AVERAGE(G4:G15) -> 1.1672
A19: Gyroid | B19: =AVERAGE(K4:K15) -> 1.0811833
A34: ABS | F34: PLA | K34: PETG
A35: Index Value | B35: Infill Type | C35: Mass (g) | D35: Yield Strength (kN) | F35: Index Value | G35: Infill Type | H35: Mass (g) | I35: Yield Strength (kN) | K35: Index Value | L35: Infill Type | M35: Mass (g) | N35: Yield Strength (kN)
A36: 4 | B36: Grid | C36: 19.2 | D36: 0.5052 | F36: 4 | G36: Grid | H36: 23 | I36: 1.1251 | K36: 4 | L36: Grid | M36: 24.4 | N36: 1.0671
A37: 5 | B37: Grid | C37: 26 | D37: 0.8843 | F37: 5 | G37: Grid | H37: 35.1 | I37: 1.7471 | K37: 5 | L37: Grid | M37: 35.5 | N37: 1.5927
A38: 6 | B38: Cubic | C38: 19 | D38: 0.4627 | F38: 6 | G38: Cubic | H38: 22.9 | I38: 1.1478 | K38: 6 | L38: Cubic | M38: 22.5 | N38: 0.8549
A39: 7 | B39: Cubic | C39: 26.1 | D39: 1.1915 | F39: 7 | G39: Cubic | H39: 31.3 | I39: 1.731 | K39: 7 | L39: Cubic | M39: 30.8 | N39: 1.2204
A40: 8 | B40: Gyroid | C40: 19 | D40: 0.8357 | F40: 8 | G40: Gyroid | H40: 23 | I40: 1.2307 | K40: 8 | L40: Gyroid | M40: 22.6 | N40: 0.6326
A41: 9 | B41: Gyroid | C41: 25.6 | D41: 0.6075 | F41: 9 | G41: Gyroid | H41: 31 | I41: 1.5126 | K41: 9 | L41: Gyroid | M41: 30.5 | N41: 1.1699
A42: 10 | B42: Grid | C42: 24.5 | D42: 1.1189 | F42: 10 | G42: Grid | H42: 29.6 | I42: 1.7044 | K42: 10 | L42: Grid | M42: 29.2 | N42: 1.1034
A43: 11 | B43: Grid | C43: 30.8 | D43: 1.518 | F43: 11 | G43: Grid | H43: 36.9 | I43: 1.7942 | K43: 11 | L43: Grid | M43: 36.1 | N43: 1.4642
A44: 12 | B44: Cubic | C44: 24.6 | D44: 0.6075 | F44: 12 | G44: Cubic | H44: 29.5 | I44: 1.35 | K44: 12 | L44: Cubic | M44: 28.9 | N44: 1.0249
A45: 13 | B45: Cubic | C45: 30.8 | D45: 1.4839 | F45: 13 | G45: Cubic | H45: 36.9 | I45: 2.0056 | K45: 13 | L45: Cubic | M45: 36.2 | N45: 0.9262
A46: 14 | B46: Gyroid | C46: 24.6 | D46: 0.8138 | F46: 14 | G46: Gyroid | H46: 29.8 | I46: 1.4959 | K46: 14 | L46: Gyroid | M46: 29.2 | N46: 0.8203
A47: 15 | B47: Gyroid | C47: 30.4 | D47: 1.3223 | F47: 15 | G47: Gyroid | H47: 36.8 | I47: 1.401 | K47: 15 | L47: Gyroid | M47: 35.9 | N47: 1.1319

Sheet Infill Density Comparison - UTS
A2: 0 | E2: 0.1 | I2: 0.25
A3: Material | B3: Index | C3: Ultimate Tensile Strength (kN) | E3: Material | F3: Index | G3: Ultimate Tensile Strength (kN) | I3: Material | J3: Index | K3: Ultimate Tensile Strength (kN)
A4: ABS | B4: 2 | C4: =D43 -> 1.6811 | E4: ABS | F4: 4 | G4: =D45 -> 1.335 | I4: ABS | J4: 5 | K4: =D46 -> 1.445
A5: ABS | B5: 3 | C5: =D44 -> 2.8112 | E5: ABS | F5: 6 | G5: =D47 -> 1.4693 | I5: ABS | J5: 7 | K5: =D48 -> 1.8183
A6: PLA | B6: 2 | C6: =I43 -> 1.6182 | E6: ABS | F6: 8 | G6: =D49 -> 1.4343 | I6: ABS | J6: 9 | K6: =D50 -> 1.5629
A7: PLA | B7: 3 | C7: =I44 -> 2.4347 | E7: ABS | F7: 10 | G7: =D51 -> 1.8508 | I7: ABS | J7: 11 | K7: =D52 -> 2.1374
A8: PETG | B8: 2 | C8: =N43 -> 1.5726 | E8: ABS | F8: 12 | G8: =D53 -> 2.0702 | I8: ABS | J8: 13 | K8: =D54 -> 2.3705
A9: PETG | B9: 3 | C9: =N44 -> 2.6493 | E9: ABS | F9: 14 | G9: =D55 -> 1.8688 | I9: ABS | J9: 15 | K9: =D56 -> 2.1361
E10: PLA | F10: 4 | G10: =I45 -> 1.7476 | I10: PLA | J10: 5 | K10: =I46 -> 2.4642
E11: PLA | F11: 6 | G11: =I47 -> 2.1302 | I11: PLA | J11: 7 | K11: =I48 -> 2.6031
E12: PLA | F12: 8 | G12: =I49 -> 2.0438 | I12: PLA | J12: 9 | K12: =I50 -> 2.3404
E13: PLA | F13: 10 | G13: =I51 -> 2.8334 | I13: PLA | J13: 11 | K13: =I52 -> 2.8868
E14: PLA | F14: 12 | G14: =I53 -> 2.8893 | I14: PLA | J14: 13 | K14: =I54 -> 3.2658
E15: PLA | F15: 14 | G15: =I55 -> 2.6368 | I15: PLA | J15: 15 | K15: =I56 -> 3.1633
E16: PETG | F16: 4 | G16: =N45 -> 2.0192 | I16: PETG | J16: 5 | K16: =N46 -> 2.3
E17: PETG | F17: 6 | G17: =N47 -> 1.7901 | I17: PETG | J17: 7 | K17: =N48 -> 2.2188
E18: PETG | F18: 8 | G18: =N49 -> 1.7519 | I18: PETG | J18: 9 | K18: =N50 -> 2.1164
E19: PETG | F19: 10 | G19: =N51 -> 2.3268 | I19: PETG | J19: 11 | K19: =N52 -> 2.5102
E20: PETG | F20: 12 | G20: =N53 -> 2.5668 | I20: PETG | J20: 13 | K20: =N54 -> 2.9684
E21: PETG | F21: 14 | G21: =N55 -> 2.4034 | I21: PETG | J21: 15 | K21: =N56 -> 2.6422
A22: Infill | B22: Average Ultimate Strength
A23: 0 | B23: =AVERAGE(C4:C21) -> 2.12785
A24: 0.1 | B24: =AVERAGE(G4:G21) -> 2.0648722
A25: 0.25 | B25: =AVERAGE(K4:K21) -> 2.3861
A27: Max Difference: | B27: =(1-B23/B24) -> -0.0304996
A40: ABS | F40: PLA | K40: PETG
A41: Index Value | B41: Infill Concentration | C41: Mass (g) | D41: Ultimate Tensile Strength (kN) | F41: Index Value | G41: Infill Concentration | H41: Mass (g) | I41: Ultimate Tensile Strength (kN) | K41: Index Value | L41: Infill Concentration | M41: Mass (g) | N41: Ultimate Tensile Strength (kN) | P41: 0 | Q41: 0.1 | R41: 0.25
A42: 1 | B42: 1 | C42: 61.3 | D42: 6.6299 | F42: 1 | G42: 1 | H42: 73 | I42: 9.3463 | K42: 1 | L42: 1 | M42: 74.6 | N42: 9.6693 | P42: 1.6811 | Q42: 1.335 | R42: 1.445
A43: 2 | B43: 0 | C43: 20 | D43: 1.6811 | F43: 2 | G43: 0 | H43: 16.7 | I43: 1.6182 | K43: 2 | L43: 0 | M43: 18 | N43: 1.5726 | P43: 2.8112 | Q43: 1.4693 | R43: 1.8183
A44: 3 | B44: 0 | C44: 25.5 | D44: 2.8112 | F44: 3 | G44: 0 | H44: 24.1 | I44: 2.4347 | K44: 3 | L44: 0 | M44: 26.7 | N44: 2.6493 | P44: 1.6182 | Q44: 1.4343 | R44: 1.5629
A45: 4 | B45: 0.1 | C45: 19.2 | D45: 1.335 | F45: 4 | G45: 0.1 | H45: 23 | I45: 1.7476 | K45: 4 | L45: 0.1 | M45: 24.4 | N45: 2.0192 | P45: 2.4347 | Q45: 1.8508 | R45: 2.1374
A46: 5 | B46: 0.25 | C46: 26 | D46: 1.445 | F46: 5 | G46: 0.25 | H46: 35.1 | I46: 2.4642 | K46: 5 | L46: 0.25 | M46: 35.5 | N46: 2.3 | P46: 1.5726 | Q46: 2.0702 | R46: 2.3705
A47: 6 | B47: 0.1 | C47: 19 | D47: 1.4693 | F47: 6 | G47: 0.1 | H47: 22.9 | I47: 2.1302 | K47: 6 | L47: 0.1 | M47: 22.5 | N47: 1.7901 | P47: 2.6493 | Q47: 1.8688 | R47: 2.1361
A48: 7 | B48: 0.25 | C48: 26.1 | D48: 1.8183 | F48: 7 | G48: 0.25 | H48: 31.3 | I48: 2.6031 | K48: 7 | L48: 0.25 | M48: 30.8 | N48: 2.2188 | Q48: 1.7476 | R48: 2.4642
A49: 8 | B49: 0.1 | C49: 19 | D49: 1.4343 | F49: 8 | G49: 0.1 | H49: 23 | I49: 2.0438 | K49: 8 | L49: 0.1 | M49: 22.6 | N49: 1.7519 | Q49: 2.1302 | R49: 2.6031
A50: 9 | B50: 0.25 | C50: 25.6 | D50: 1.5629 | F50: 9 | G50: 0.25 | H50: 31 | I50: 2.3404 | K50: 9 | L50: 0.25 | M50: 30.5 | N50: 2.1164 | Q50: 2.0438 | R50: 2.3404
A51: 10 | B51: 0.1 | C51: 24.5 | D51: 1.8508 | F51: 10 | G51: 0.1 | H51: 29.6 | I51: 2.8334 | K51: 10 | L51: 0.1 | M51: 29.2 | N51: 2.3268 | Q51: 2.8334 | R51: 2.8868
A52: 11 | B52: 0.25 | C52: 30.8 | D52: 2.1374 | F52: 11 | G52: 0.25 | H52: 36.9 | I52: 2.8868 | K52: 11 | L52: 0.25 | M52: 36.1 | N52: 2.5102 | Q52: 2.8893 | R52: 3.2658
A53: 12 | B53: 0.1 | C53: 24.6 | D53: 2.0702 | F53: 12 | G53: 0.1 | H53: 29.5 | I53: 2.8893 | K53: 12 | L53: 0.1 | M53: 28.9 | N53: 2.5668 | Q53: 2.6368 | R53: 3.1633
A54: 13 | B54: 0.25 | C54: 30.8 | D54: 2.3705 | F54: 13 | G54: 0.25 | H54: 36.9 | I54: 3.2658 | K54: 13 | L54: 0.25 | M54: 36.2 | N54: 2.9684 | Q54: 2.0192 | R54: 2.3
A55: 14 | B55: 0.1 | C55: 24.6 | D55: 1.8688 | F55: 14 | G55: 0.1 | H55: 29.8 | I55: 2.6368 | K55: 14 | L55: 0.1 | M55: 29.2 | N55: 2.4034 | Q55: 1.7901 | R55: 2.2188
A56: 15 | B56: 0.25 | C56: 30.4 | D56: 2.1361 | F56: 15 | G56: 0.25 | H56: 36.8 | I56: 3.1633 | K56: 15 | L56: 0.25 | M56: 35.9 | N56: 2.6422 | Q56: 1.7519 | R56: 2.1164
Q57: 2.3268 | R57: 2.5102
Q58: 2.5668 | R58: 2.9684
Q59: 2.4034 | R59: 2.6422

Sheet Infill Density Comparison - MoE
A2: 0 | E2: 0.1 | I2: 0.25
A3: Material | B3: Index | C3: Modulus of Elasticity (MPa) | E3: Material | F3: Index | G3: Modulus of Elasticity (MPa) | I3: Material | J3: Index | K3: Modulus of Elasticity (MPa)
A4: ABS | B4: 2 | C4: =D43 -> 268.27 | E4: ABS | F4: 4 | G4: =D45 -> 205.66 | I4: ABS | J4: 5 | K4: =D46 -> 201.67
A5: ABS | B5: 3 | C5: =D44 -> 388.75 | E5: ABS | F5: 6 | G5: =D47 -> 227.06 | I5: ABS | J5: 7 | K5: =D48 -> 250.75
A6: PLA | B6: 2 | C6: =I43 -> 211.47 | E6: ABS | F6: 8 | G6: =D49 -> 190.34 | I6: ABS | J6: 9 | K6: =D50 -> 238.64
A7: PLA | B7: 3 | C7: =I44 -> 354.94 | E7: ABS | F7: 10 | G7: =D51 -> 252.92 | I7: ABS | J7: 11 | K7: =D52 -> 276.22
A8: PETG | B8: 2 | C8: =N43 -> 121.17 | E8: ABS | F8: 12 | G8: =D53 -> 318.51 | I8: ABS | J8: 13 | K8: =D54 -> 326.7
A9: PETG | B9: 3 | C9: =N44 -> 228.77 | E9: ABS | F9: 14 | G9: =D55 -> 277.42 | I9: ABS | J9: 15 | K9: =D56 -> 285.92
E10: PLA | F10: 4 | G10: =I45 -> 254.67 | I10: PLA | J10: 5 | K10: =I46 -> 369.98
E11: PLA | F11: 6 | G11: =I47 -> 319.06 | I11: PLA | J11: 7 | K11: =I48 -> 390.65
E12: PLA | F12: 8 | G12: =I49 -> 295.55 | I12: PLA | J12: 9 | K12: =I50 -> 332.1
E13: PLA | F13: 10 | G13: =I51 -> 403.11 | I13: PLA | J13: 11 | K13: =I52 -> 414.66
E14: PLA | F14: 12 | G14: =I53 -> 423.57 | I14: PLA | J14: 13 | K14: =I54 -> 483.77
E15: PLA | F15: 14 | G15: =I55 -> 401.55 | I15: PLA | J15: 15 | K15: =I56 -> 490.71
E16: PETG | F16: 4 | G16: =N45 -> 176.33 | I16: PETG | J16: 5 | K16: =N46 -> 198.2
E17: PETG | F17: 6 | G17: =N47 -> 162.5 | I17: PETG | J17: 7 | K17: =N48 -> 196.94
E18: PETG | F18: 8 | G18: =N49 -> 158.37 | I18: PETG | J18: 9 | K18: =N50 -> 183.51
E19: PETG | F19: 10 | G19: =N51 -> 216.39 | I19: PETG | J19: 11 | K19: =N52 -> 222.88
E20: PETG | F20: 12 | G20: =N53 -> 234.1 | I20: PETG | J20: 13 | K20: =N54 -> 297.6
E21: PETG | F21: 14 | G21: =N55 -> 239.77 | I21: PETG | J21: 15 | K21: =N56 -> 252.96
A22: Infill | B22: Average Ultimate Strength
A23: 0 | B23: =AVERAGE(C4:C21) -> 262.22833
A24: 0.1 | B24: =AVERAGE(G4:G21) -> 264.27111
A25: 0.25 | B25: =AVERAGE(K4:K21) -> 300.77
A27: Max Difference: | B27: =(1-B23/B24) -> 0.0077298565
A40: ABS | F40: PLA | K40: PETG
A41: Index Value | B41: Infill Concentration | C41: Mass (g) | D41: Modulus of Elasticity (MPa) | F41: Index Value | G41: Infill Concentration | H41: Mass (g) | I41: Modulus of Elasticity (MPa) | K41: Index Value | L41: Infill Concentration | M41: Mass (g) | N41: Modulus of Elasticity (MPa) | P41: 0 | Q41: 0.1 | R41: 0.25
A42: 1 | B42: 1 | C42: 61.3 | D42: 823.48 | F42: 1 | G42: 1 | H42: 73 | I42: 1280.88 | K42: 1 | L42: 1 | M42: 74.6 | N42: 713.07 | P42: =C4 -> 268.27 | Q42: =G4 -> 205.66 | R42: =K4 -> 201.67
A43: 2 | B43: 0 | C43: 20 | D43: 268.27 | F43: 2 | G43: 0 | H43: 16.7 | I43: 211.47 | K43: 2 | L43: 0 | M43: 18 | N43: 121.17 | P43: =C5 -> 388.75 | Q43: =G5 -> 227.06 | R43: =K5 -> 250.75
A44: 3 | B44: 0 | C44: 25.5 | D44: 388.75 | F44: 3 | G44: 0 | H44: 24.1 | I44: 354.94 | K44: 3 | L44: 0 | M44: 26.7 | N44: 228.77 | P44: =C6 -> 211.47 | Q44: =G6 -> 190.34 | R44: =K6 -> 238.64
A45: 4 | B45: 0.1 | C45: 19.2 | D45: 205.66 | F45: 4 | G45: 0.1 | H45: 23 | I45: 254.67 | K45: 4 | L45: 0.1 | M45: 24.4 | N45: 176.33 | P45: =C7 -> 354.94 | Q45: =G7 -> 252.92 | R45: =K7 -> 276.22
A46: 5 | B46: 0.25 | C46: 26 | D46: 201.67 | F46: 5 | G46: 0.25 | H46: 35.1 | I46: 369.98 | K46: 5 | L46: 0.25 | M46: 35.5 | N46: 198.2 | P46: =C8 -> 121.17 | Q46: =G8 -> 318.51 | R46: =K8 -> 326.7
A47: 6 | B47: 0.1 | C47: 19 | D47: 227.06 | F47: 6 | G47: 0.1 | H47: 22.9 | I47: 319.06 | K47: 6 | L47: 0.1 | M47: 22.5 | N47: 162.5 | P47: =C9 -> 228.77 | Q47: =G9 -> 277.42 | R47: =K9 -> 285.92
A48: 7 | B48: 0.25 | C48: 26.1 | D48: 250.75 | F48: 7 | G48: 0.25 | H48: 31.3 | I48: 390.65 | K48: 7 | L48: 0.25 | M48: 30.8 | N48: 196.94 | Q48: =G10 -> 254.67 | R48: =K10 -> 369.98
A49: 8 | B49: 0.1 | C49: 19 | D49: 190.34 | F49: 8 | G49: 0.1 | H49: 23 | I49: 295.55 | K49: 8 | L49: 0.1 | M49: 22.6 | N49: 158.37 | Q49: =G11 -> 319.06 | R49: =K11 -> 390.65
A50: 9 | B50: 0.25 | C50: 25.6 | D50: 238.64 | F50: 9 | G50: 0.25 | H50: 31 | I50: 332.1 | K50: 9 | L50: 0.25 | M50: 30.5 | N50: 183.51 | Q50: =G12 -> 295.55 | R50: =K12 -> 332.1
A51: 10 | B51: 0.1 | C51: 24.5 | D51: 252.92 | F51: 10 | G51: 0.1 | H51: 29.6 | I51: 403.11 | K51: 10 | L51: 0.1 | M51: 29.2 | N51: 216.39 | Q51: =G13 -> 403.11 | R51: =K13 -> 414.66
A52: 11 | B52: 0.25 | C52: 30.8 | D52: 276.22 | F52: 11 | G52: 0.25 | H52: 36.9 | I52: 414.66 | K52: 11 | L52: 0.25 | M52: 36.1 | N52: 222.88 | Q52: =G14 -> 423.57 | R52: =K14 -> 483.77
A53: 12 | B53: 0.1 | C53: 24.6 | D53: 318.51 | F53: 12 | G53: 0.1 | H53: 29.5 | I53: 423.57 | K53: 12 | L53: 0.1 | M53: 28.9 | N53: 234.1 | Q53: =G15 -> 401.55 | R53: =K15 -> 490.71
A54: 13 | B54: 0.25 | C54: 30.8 | D54: 326.7 | F54: 13 | G54: 0.25 | H54: 36.9 | I54: 483.77 | K54: 13 | L54: 0.25 | M54: 36.2 | N54: 297.6 | Q54: =G16 -> 176.33 | R54: =K16 -> 198.2
A55: 14 | B55: 0.1 | C55: 24.6 | D55: 277.42 | F55: 14 | G55: 0.1 | H55: 29.8 | I55: 401.55 | K55: 14 | L55: 0.1 | M55: 29.2 | N55: 239.77 | Q55: =G17 -> 162.5 | R55: =K17 -> 196.94
A56: 15 | B56: 0.25 | C56: 30.4 | D56: 285.92 | F56: 15 | G56: 0.25 | H56: 36.8 | I56: 490.71 | K56: 15 | L56: 0.25 | M56: 35.9 | N56: 252.96 | Q56: =G18 -> 158.37 | R56: =K18 -> 183.51
Q57: =G19 -> 216.39 | R57: =K19 -> 222.88
Q58: =G20 -> 234.1 | R58: =K20 -> 297.6
Q59: =G21 -> 239.77 | R59: =K21 -> 252.96

Sheet Infill Density Comparison - MoR
A2: 0 | E2: 0.1 | I2: 0.25
A3: Material | B3: Index | C3: Yield Strength (kN) | E3: Material | F3: Index | G3: Yield Strength (kN) | I3: Material | J3: Index | K3: Yield Strength (kN)
A4: ABS | B4: 2 | C4: =D43 -> 0.0293 | E4: ABS | F4: 4 | G4: =D45 -> 0.0207 | I4: ABS | J4: 5 | K4: =D46 -> 0.061
A5: ABS | B5: 3 | C5: =D44 -> 0.0323 | E5: ABS | F5: 6 | G5: =D47 -> 0.0161 | I5: ABS | J5: 7 | K5: =D48 -> 0.0893
A6: PLA | B6: 2 | C6: =I43 -> 0.0327 | E6: ABS | F6: 8 | G6: =D49 -> 0.0587 | I6: ABS | J6: 9 | K6: =D50 -> 0.0256
A7: PLA | B7: 3 | C7: =I44 -> 0.0235 | E7: ABS | F7: 10 | G7: =D51 -> 0.0791 | I7: ABS | J7: 11 | K7: =D52 -> 0.1307
A8: PETG | B8: 2 | C8: =N43 -> 0.0742 | E8: ABS | F8: 12 | G8: =D53 -> 0.0202 | I8: ABS | J8: 13 | K8: =D54 -> 0.1067
A9: PETG | B9: 3 | C9: =N44 -> 0.0259 | E9: ABS | F9: 14 | G9: =D55 -> 0.0392 | I9: ABS | J9: 15 | K9: =D56 -> 0.0969
E10: PLA | F10: 4 | G10: =I45 -> 0.0798 | I10: PLA | J10: 5 | K10: =I46 -> 0.135
E11: PLA | F11: 6 | G11: =I47 -> 0.0673 | I11: PLA | J11: 7 | K11: =I48 -> 0.1223
E12: PLA | F12: 8 | G12: =I49 -> 0.0814 | I12: PLA | J12: 9 | K12: =I50 -> 0.1101
E13: PLA | F13: 10 | G13: =I51 -> 0.1157 | I13: PLA | J13: 11 | K13: =I52 -> 0.1236
E14: PLA | F14: 12 | G14: =I53 -> 0.0704 | I14: PLA | J14: 13 | K14: =I54 -> 0.1337
E15: PLA | F15: 14 | G15: =I55 -> 0.0907 | I15: PLA | J15: 15 | K15: =I56 -> 0.0663
E16: PETG | F16: 4 | G16: =N45 -> 0.0994 | I16: PETG | J16: 5 | K16: =N46 -> 0.2044
E17: PETG | F17: 6 | G17: =N47 -> 0.0752 | I17: PETG | J17: 7 | K17: =N48 -> 0.1185
E18: PETG | F18: 8 | G18: =N49 -> 0.0401 | I18: PETG | J18: 9 | K18: =N50 -> 0.1204
E19: PETG | F19: 10 | G19: =N51 -> 0.0885 | I19: PETG | J19: 11 | K19: =N52 -> 0.1659
E20: PETG | F20: 12 | G20: =N53 -> 0.0723 | I20: PETG | J20: 13 | K20: =N54 -> 0.0455
E21: PETG | F21: 14 | G21: =N55 -> 0.0455 | I21: PETG | J21: 15 | K21: =N56 -> 0.0794
A22: Infill | B22: AverageYield Strength (kN)
A23: 0 | B23: =AVERAGE(C4:C21) -> 0.036316667
A24: 0.1 | B24: =AVERAGE(G4:G21) -> 0.064461111
A25: 0.25 | B25: =AVERAGE(K4:K21) -> 0.10751667
A27: Max Difference: | B27: =(1-B23/B24) -> 0.43661122
A40: ABS | F40: PLA | K40: PETG
A41: Index Value | B41: Infill Concentration | C41: Mass (g) | D41: Modulus of Resilience (MPa) | F41: Index Value | G41: Infill Concentration | H41: Mass (g) | I41: Modulus of Resilience (MPa) | K41: Index Value | L41: Infill Concentration | M41: Mass (g) | N41: Modulus of Resilience (MPa) | P41: 0 | Q41: 0.1 | R41: 0.25
A42: 1 | B42: 1 | C42: 61.3 | D42: 0.235 | F42: 1 | G42: 1 | H42: 73 | I42: 0.1056 | K42: 1 | L42: 1 | M42: 74.6 | N42: 0.2849 | P42: =C4 -> 0.0293 | Q42: =G4 -> 0.0207 | R42: =K4 -> 0.061
A43: 2 | B43: 0 | C43: 20 | D43: 0.0293 | F43: 2 | G43: 0 | H43: 16.7 | I43: 0.0327 | K43: 2 | L43: 0 | M43: 18 | N43: 0.0742 | P43: =C5 -> 0.0323 | Q43: =G5 -> 0.0161 | R43: =K5 -> 0.0893
A44: 3 | B44: 0 | C44: 25.5 | D44: 0.0323 | F44: 3 | G44: 0 | H44: 24.1 | I44: 0.0235 | K44: 3 | L44: 0 | M44: 26.7 | N44: 0.0259 | P44: =C6 -> 0.0327 | Q44: =G6 -> 0.0587 | R44: =K6 -> 0.0256
A45: 4 | B45: 0.1 | C45: 19.2 | D45: 0.0207 | F45: 4 | G45: 0.1 | H45: 23 | I45: 0.0798 | K45: 4 | L45: 0.1 | M45: 24.4 | N45: 0.0994 | P45: =C7 -> 0.0235 | Q45: =G7 -> 0.0791 | R45: =K7 -> 0.1307
A46: 5 | B46: 0.25 | C46: 26 | D46: 0.061 | F46: 5 | G46: 0.25 | H46: 35.1 | I46: 0.135 | K46: 5 | L46: 0.25 | M46: 35.5 | N46: 0.2044 | P46: =C8 -> 0.0742 | Q46: =G8 -> 0.0202 | R46: =K8 -> 0.1067
A47: 6 | B47: 0.1 | C47: 19 | D47: 0.0161 | F47: 6 | G47: 0.1 | H47: 22.9 | I47: 0.0673 | K47: 6 | L47: 0.1 | M47: 22.5 | N47: 0.0752 | P47: =C9 -> 0.0259 | Q47: =G9 -> 0.0392 | R47: =K9 -> 0.0969
A48: 7 | B48: 0.25 | C48: 26.1 | D48: 0.0893 | F48: 7 | G48: 0.25 | H48: 31.3 | I48: 0.1223 | K48: 7 | L48: 0.25 | M48: 30.8 | N48: 0.1185 | Q48: =G10 -> 0.0798 | R48: =K10 -> 0.135
A49: 8 | B49: 0.1 | C49: 19 | D49: 0.0587 | F49: 8 | G49: 0.1 | H49: 23 | I49: 0.0814 | K49: 8 | L49: 0.1 | M49: 22.6 | N49: 0.0401 | Q49: =G11 -> 0.0673 | R49: =K11 -> 0.1223
A50: 9 | B50: 0.25 | C50: 25.6 | D50: 0.0256 | F50: 9 | G50: 0.25 | H50: 31 | I50: 0.1101 | K50: 9 | L50: 0.25 | M50: 30.5 | N50: 0.1204 | Q50: =G12 -> 0.0814 | R50: =K12 -> 0.1101
A51: 10 | B51: 0.1 | C51: 24.5 | D51: 0.0791 | F51: 10 | G51: 0.1 | H51: 29.6 | I51: 0.1157 | K51: 10 | L51: 0.1 | M51: 29.2 | N51: 0.0885 | Q51: =G13 -> 0.1157 | R51: =K13 -> 0.1236
A52: 11 | B52: 0.25 | C52: 30.8 | D52: 0.1307 | F52: 11 | G52: 0.25 | H52: 36.9 | I52: 0.1236 | K52: 11 | L52: 0.25 | M52: 36.1 | N52: 0.1659 | Q52: =G14 -> 0.0704 | R52: =K14 -> 0.1337
A53: 12 | B53: 0.1 | C53: 24.6 | D53: 0.0202 | F53: 12 | G53: 0.1 | H53: 29.5 | I53: 0.0704 | K53: 12 | L53: 0.1 | M53: 28.9 | N53: 0.0723 | Q53: =G15 -> 0.0907 | R53: =K15 -> 0.0663
A54: 13 | B54: 0.25 | C54: 30.8 | D54: 0.1067 | F54: 13 | G54: 0.25 | H54: 36.9 | I54: 0.1337 | K54: 13 | L54: 0.25 | M54: 36.2 | N54: 0.0455 | Q54: =G16 -> 0.0994 | R54: =K16 -> 0.2044
A55: 14 | B55: 0.1 | C55: 24.6 | D55: 0.0392 | F55: 14 | G55: 0.1 | H55: 29.8 | I55: 0.0907 | K55: 14 | L55: 0.1 | M55: 29.2 | N55: 0.0455 | Q55: =G17 -> 0.0752 | R55: =K17 -> 0.1185
A56: 15 | B56: 0.25 | C56: 30.4 | D56: 0.0969 | F56: 15 | G56: 0.25 | H56: 36.8 | I56: 0.0663 | K56: 15 | L56: 0.25 | M56: 35.9 | N56: 0.0794 | Q56: =G18 -> 0.0401 | R56: =K18 -> 0.1204
Q57: =G19 -> 0.0885 | R57: =K19 -> 0.1659
Q58: =G20 -> 0.0723 | R58: =K20 -> 0.0455
Q59: =G21 -> 0.0455 | R59: =K21 -> 0.0794

Sheet Infill Density Comparison - YS
A2: 0 | E2: 0.1 | I2: 0.25
A3: Material | B3: Index | C3: Yield Strength (kN) | E3: Material | F3: Index | G3: Yield Strength (kN) | I3: Material | J3: Index | K3: Yield Strength (kN)
A4: ABS | B4: 2 | C4: =D43 -> 0.6821 | E4: ABS | F4: 4 | G4: =D45 -> 0.5052 | I4: ABS | J4: 5 | K4: =D46 -> 0.8843
A5: ABS | B5: 3 | C5: =D44 -> 0.8567 | E5: ABS | F5: 6 | G5: =D47 -> 0.4627 | I5: ABS | J5: 7 | K5: =D48 -> 1.1915
A6: PLA | B6: 2 | C6: =I43 -> 0.6491 | E6: ABS | F6: 8 | G6: =D49 -> 0.8357 | I6: ABS | J6: 9 | K6: =D50 -> 0.6075
A7: PLA | B7: 3 | C7: =I44 -> 0.693 | E7: ABS | F7: 10 | G7: =D51 -> 1.1189 | I7: ABS | J7: 11 | K7: =D52 -> 1.518
A8: PETG | B8: 2 | C8: =N43 -> 0.7568 | E8: ABS | F8: 12 | G8: =D53 -> 0.6075 | I8: ABS | J8: 13 | K8: =D54 -> 1.4839
A9: PETG | B9: 3 | C9: =N44 -> 0.598 | E9: ABS | F9: 14 | G9: =D55 -> 0.8138 | I9: ABS | J9: 15 | K9: =D56 -> 1.3223
E10: PLA | F10: 4 | G10: =I45 -> 1.1251 | I10: PLA | J10: 5 | K10: =I46 -> 1.7471
E11: PLA | F11: 6 | G11: =I47 -> 1.1478 | I11: PLA | J11: 7 | K11: =I48 -> 1.731
E12: PLA | F12: 8 | G12: =I49 -> 1.2307 | I12: PLA | J12: 9 | K12: =I50 -> 1.5126
E13: PLA | F13: 10 | G13: =I51 -> 1.7044 | I13: PLA | J13: 11 | K13: =I52 -> 1.7942
E14: PLA | F14: 12 | G14: =I53 -> 1.35 | I14: PLA | J14: 13 | K14: =I54 -> 2.0056
E15: PLA | F15: 14 | G15: =I55 -> 1.4959 | I15: PLA | J15: 15 | K15: =I56 -> 1.401
E16: PETG | F16: 4 | G16: =N45 -> 1.0671 | I16: PETG | J16: 5 | K16: =N46 -> 1.5927
E17: PETG | F17: 6 | G17: =N47 -> 0.8549 | I17: PETG | J17: 7 | K17: =N48 -> 1.2204
E18: PETG | F18: 8 | G18: =N49 -> 0.6326 | I18: PETG | J18: 9 | K18: =N50 -> 1.1699
E19: PETG | F19: 10 | G19: =N51 -> 1.1034 | I19: PETG | J19: 11 | K19: =N52 -> 1.4642
E20: PETG | F20: 12 | G20: =N53 -> 1.0249 | I20: PETG | J20: 13 | K20: =N54 -> 0.9262
E21: PETG | F21: 14 | G21: =N55 -> 0.8203 | I21: PETG | J21: 15 | K21: =N56 -> 1.1319
A22: Infill | B22: AverageYield Strength (kN)
A23: 0 | B23: =AVERAGE(C4:C21) -> 0.70595
A24: 0.1 | B24: =AVERAGE(G4:G21) -> 0.99449444
A25: 0.25 | B25: =AVERAGE(K4:K21) -> 1.3724611
A27: Max Difference: | B27: =(1-B23/B24) -> 0.29014184
A40: ABS | F40: PLA | K40: PETG
A41: Index Value | B41: Infill Concentration | C41: Mass (g) | D41: Yield Strength (kN) | F41: Index Value | G41: Infill Concentration | H41: Mass (g) | I41: Yield Strength (kN) | K41: Index Value | L41: Infill Concentration | M41: Mass (g) | N41: Yield Strength (kN) | P41: 0 | Q41: 0.1 | R41: 0.25
A42: 1 | B42: 1 | C42: 61.3 | D42: 3.4478 | F42: 1 | G42: 1 | H42: 73 | I42: 2.6982 | K42: 1 | L42: 1 | M42: 74.6 | N42: 3.56 | P42: =C4 -> 0.6821 | Q42: =G4 -> 0.5052 | R42: =K4 -> 0.8843
A43: 2 | B43: 0 | C43: 20 | D43: 0.6821 | F43: 2 | G43: 0 | H43: 16.7 | I43: 0.6491 | K43: 2 | L43: 0 | M43: 18 | N43: 0.7568 | P43: =C5 -> 0.8567 | Q43: =G5 -> 0.4627 | R43: =K5 -> 1.1915
A44: 3 | B44: 0 | C44: 25.5 | D44: 0.8567 | F44: 3 | G44: 0 | H44: 24.1 | I44: 0.693 | K44: 3 | L44: 0 | M44: 26.7 | N44: 0.598 | P44: =C6 -> 0.6491 | Q44: =G6 -> 0.8357 | R44: =K6 -> 0.6075
A45: 4 | B45: 0.1 | C45: 19.2 | D45: 0.5052 | F45: 4 | G45: 0.1 | H45: 23 | I45: 1.1251 | K45: 4 | L45: 0.1 | M45: 24.4 | N45: 1.0671 | P45: =C7 -> 0.693 | Q45: =G7 -> 1.1189 | R45: =K7 -> 1.518
A46: 5 | B46: 0.25 | C46: 26 | D46: 0.8843 | F46: 5 | G46: 0.25 | H46: 35.1 | I46: 1.7471 | K46: 5 | L46: 0.25 | M46: 35.5 | N46: 1.5927 | P46: =C8 -> 0.7568 | Q46: =G8 -> 0.6075 | R46: =K8 -> 1.4839
A47: 6 | B47: 0.1 | C47: 19 | D47: 0.4627 | F47: 6 | G47: 0.1 | H47: 22.9 | I47: 1.1478 | K47: 6 | L47: 0.1 | M47: 22.5 | N47: 0.8549 | P47: =C9 -> 0.598 | Q47: =G9 -> 0.8138 | R47: =K9 -> 1.3223
A48: 7 | B48: 0.25 | C48: 26.1 | D48: 1.1915 | F48: 7 | G48: 0.25 | H48: 31.3 | I48: 1.731 | K48: 7 | L48: 0.25 | M48: 30.8 | N48: 1.2204 | Q48: =G10 -> 1.1251 | R48: =K10 -> 1.7471
A49: 8 | B49: 0.1 | C49: 19 | D49: 0.8357 | F49: 8 | G49: 0.1 | H49: 23 | I49: 1.2307 | K49: 8 | L49: 0.1 | M49: 22.6 | N49: 0.6326 | Q49: =G11 -> 1.1478 | R49: =K11 -> 1.731
A50: 9 | B50: 0.25 | C50: 25.6 | D50: 0.6075 | F50: 9 | G50: 0.25 | H50: 31 | I50: 1.5126 | K50: 9 | L50: 0.25 | M50: 30.5 | N50: 1.1699 | Q50: =G12 -> 1.2307 | R50: =K12 -> 1.5126
A51: 10 | B51: 0.1 | C51: 24.5 | D51: 1.1189 | F51: 10 | G51: 0.1 | H51: 29.6 | I51: 1.7044 | K51: 10 | L51: 0.1 | M51: 29.2 | N51: 1.1034 | Q51: =G13 -> 1.7044 | R51: =K13 -> 1.7942
A52: 11 | B52: 0.25 | C52: 30.8 | D52: 1.518 | F52: 11 | G52: 0.25 | H52: 36.9 | I52: 1.7942 | K52: 11 | L52: 0.25 | M52: 36.1 | N52: 1.4642 | Q52: =G14 -> 1.35 | R52: =K14 -> 2.0056
A53: 12 | B53: 0.1 | C53: 24.6 | D53: 0.6075 | F53: 12 | G53: 0.1 | H53: 29.5 | I53: 1.35 | K53: 12 | L53: 0.1 | M53: 28.9 | N53: 1.0249 | Q53: =G15 -> 1.4959 | R53: =K15 -> 1.401
A54: 13 | B54: 0.25 | C54: 30.8 | D54: 1.4839 | F54: 13 | G54: 0.25 | H54: 36.9 | I54: 2.0056 | K54: 13 | L54: 0.25 | M54: 36.2 | N54: 0.9262 | Q54: =G16 -> 1.0671 | R54: =K16 -> 1.5927
A55: 14 | B55: 0.1 | C55: 24.6 | D55: 0.8138 | F55: 14 | G55: 0.1 | H55: 29.8 | I55: 1.4959 | K55: 14 | L55: 0.1 | M55: 29.2 | N55: 0.8203 | Q55: =G17 -> 0.8549 | R55: =K17 -> 1.2204
A56: 15 | B56: 0.25 | C56: 30.4 | D56: 1.3223 | F56: 15 | G56: 0.25 | H56: 36.8 | I56: 1.401 | K56: 15 | L56: 0.25 | M56: 35.9 | N56: 1.1319 | Q56: =G18 -> 0.6326 | R56: =K18 -> 1.1699
Q57: =G19 -> 1.1034 | R57: =K19 -> 1.4642
Q58: =G20 -> 1.0249 | R58: =K20 -> 0.9262
Q59: =G21 -> 0.8203 | R59: =K21 -> 1.1319

Sheet Material Comparison - UTS
A2: ABS | E2: PLA | I2: PETG
A3: Index Value | B3: Mass (g) | C3: Ultimate Tensile Strength (kN) | E3: Index Value | F3: Mass (g) | G3: Ultimate Tensile Strength (kN) | I3: Index Value | J3: Mass (g) | K3: Ultimate Tensile Strength (kN) | M3: ABS | N3: PLA | O3: PETG
A4: 1 | B4: =C39 -> 61.3 | C4: =D39 -> 6.6299 | E4: 1 | F4: =H39 -> 73 | G4: =I39 -> 9.3463 | I4: 1 | J4: =M39 -> 74.6 | K4: =N39 -> 9.6693 | M4: =C4 -> 6.6299 | N4: =G4 -> 9.3463 | O4: =K4 -> 9.6693
A5: 2 | B5: =C40 -> 20 | C5: =D40 -> 1.6811 | E5: 2 | F5: =H40 -> 16.7 | G5: =I40 -> 1.6182 | I5: 2 | J5: =M40 -> 18 | K5: =N40 -> 1.5726 | M5: =C5 -> 1.6811 | N5: =G5 -> 1.6182 | O5: =K5 -> 1.5726
A6: 3 | B6: =C41 -> 25.5 | C6: =D41 -> 2.8112 | E6: 3 | F6: =H41 -> 24.1 | G6: =I41 -> 2.4347 | I6: 3 | J6: =M41 -> 26.7 | K6: =N41 -> 2.6493 | M6: =C6 -> 2.8112 | N6: =G6 -> 2.4347 | O6: =K6 -> 2.6493
A7: 4 | B7: =C42 -> 19.2 | C7: =D42 -> 1.335 | E7: 4 | F7: =H42 -> 23 | G7: =I42 -> 1.7476 | I7: 4 | J7: =M42 -> 24.4 | K7: =N42 -> 2.0192 | M7: =C7 -> 1.335 | N7: =G7 -> 1.7476 | O7: =K7 -> 2.0192
A8: 5 | B8: =C43 -> 26 | C8: =D43 -> 1.445 | E8: 5 | F8: =H43 -> 35.1 | G8: =I43 -> 2.4642 | I8: 5 | J8: =M43 -> 35.5 | K8: =N43 -> 2.3 | M8: =C8 -> 1.445 | N8: =G8 -> 2.4642 | O8: =K8 -> 2.3
A9: 6 | B9: =C44 -> 19 | C9: =D44 -> 1.4693 | E9: 6 | F9: =H44 -> 22.9 | G9: =I44 -> 2.1302 | I9: 6 | J9: =M44 -> 22.5 | K9: =N44 -> 1.7901 | M9: =C9 -> 1.4693 | N9: =G9 -> 2.1302 | O9: =K9 -> 1.7901
A10: 7 | B10: =C45 -> 26.1 | C10: =D45 -> 1.8183 | E10: 7 | F10: =H45 -> 31.3 | G10: =I45 -> 2.6031 | I10: 7 | J10: =M45 -> 30.8 | K10: =N45 -> 2.2188 | M10: =C10 -> 1.8183 | N10: =G10 -> 2.6031 | O10: =K10 -> 2.2188
A11: 8 | B11: =C46 -> 19 | C11: =D46 -> 1.4343 | E11: 8 | F11: =H46 -> 23 | G11: =I46 -> 2.0438 | I11: 8 | J11: =M46 -> 22.6 | K11: =N46 -> 1.7519 | M11: =C11 -> 1.4343 | N11: =G11 -> 2.0438 | O11: =K11 -> 1.7519
A12: 9 | B12: =C47 -> 25.6 | C12: =D47 -> 1.5629 | E12: 9 | F12: =H47 -> 31 | G12: =I47 -> 2.3404 | I12: 9 | J12: =M47 -> 30.5 | K12: =N47 -> 2.1164 | M12: =C12 -> 1.5629 | N12: =G12 -> 2.3404 | O12: =K12 -> 2.1164
A13: 10 | B13: =C48 -> 24.5 | C13: =D48 -> 1.8508 | E13: 10 | F13: =H48 -> 29.6 | G13: =I48 -> 2.8334 | I13: 10 | J13: =M48 -> 29.2 | K13: =N48 -> 2.3268 | M13: =C13 -> 1.8508 | N13: =G13 -> 2.8334 | O13: =K13 -> 2.3268
A14: 11 | B14: =C49 -> 30.8 | C14: =D49 -> 2.1374 | E14: 11 | F14: =H49 -> 36.9 | G14: =I49 -> 2.8868 | I14: 11 | J14: =M49 -> 36.1 | K14: =N49 -> 2.5102 | M14: =C14 -> 2.1374 | N14: =G14 -> 2.8868 | O14: =K14 -> 2.5102
A15: 12 | B15: =C50 -> 24.6 | C15: =D50 -> 2.0702 | E15: 12 | F15: =H50 -> 29.5 | G15: =I50 -> 2.8893 | I15: 12 | J15: =M50 -> 28.9 | K15: =N50 -> 2.5668 | M15: =C15 -> 2.0702 | N15: =G15 -> 2.8893 | O15: =K15 -> 2.5668
... A18: 15 | B18: =C53 -> 30.4 | C18: =D53 -> 2.1361 | E18: 15 | F18: =H53 -> 36.8 | G18: =I53 -> 3.1633 | I18: 15 | J18: =M53 -> 35.9 | K18: =N53 -> 2.6422 | M18: =C18 -> 2.1361 | N18: =G18 -> 3.1633 | O18: =K18 -> 2.6422
A19: Infill | B19: Average Ultimate Strength
A20: ABS | B20: =AVERAGE(C4:C18) -> 2.17472
A21: PLA | B21: =AVERAGE(G4:G18) -> 2.96026
A22: PETG | B22: =AVERAGE(K4:K18) -> 2.7670267
A24: Max Difference: | B24: =(1-B20/B21) -> 0.26536183
A37: ABS | F37: PLA | K37: PETG
A38: Index Value | B38: Infill Type | C38: Mass (g) | D38: Ultimate Tensile Strength (kN) | F38: Index Value | G38: Infill Type | H38: Mass (g) | I38: Ultimate Tensile Strength (kN) | K38: Index Value | L38: Infill Type | M38: Mass (g) | N38: Ultimate Tensile Strength (kN)
A39: 1 | B39: N/a | C39: 61.3 | D39: 6.6299 | F39: 1 | G39: N/a | H39: 73 | I39: 9.3463 | K39: 1 | L39: N/a | M39: 74.6 | N39: 9.6693
A40: 2 | B40: N/a | C40: 20 | D40: 1.6811 | F40: 2 | G40: N/a | H40: 16.7 | I40: 1.6182 | K40: 2 | L40: N/a | M40: 18 | N40: 1.5726
A41: 3 | B41: N/a | C41: 25.5 | D41: 2.8112 | F41: 3 | G41: N/a | H41: 24.1 | I41: 2.4347 | K41: 3 | L41: N/a | M41: 26.7 | N41: 2.6493
A42: 4 | B42: Grid | C42: 19.2 | D42: 1.335 | F42: 4 | G42: Grid | H42: 23 | I42: 1.7476 | K42: 4 | L42: Grid | M42: 24.4 | N42: 2.0192
A43: 5 | B43: Grid | C43: 26 | D43: 1.445 | F43: 5 | G43: Grid | H43: 35.1 | I43: 2.4642 | K43: 5 | L43: Grid | M43: 35.5 | N43: 2.3
A44: 6 | B44: Cubic | C44: 19 | D44: 1.4693 | F44: 6 | G44: Cubic | H44: 22.9 | I44: 2.1302 | K44: 6 | L44: Cubic | M44: 22.5 | N44: 1.7901
A45: 7 | B45: Cubic | C45: 26.1 | D45: 1.8183 | F45: 7 | G45: Cubic | H45: 31.3 | I45: 2.6031 | K45: 7 | L45: Cubic | M45: 30.8 | N45: 2.2188
A46: 8 | B46: Gyroid | C46: 19 | D46: 1.4343 | F46: 8 | G46: Gyroid | H46: 23 | I46: 2.0438 | K46: 8 | L46: Gyroid | M46: 22.6 | N46: 1.7519
A47: 9 | B47: Gyroid | C47: 25.6 | D47: 1.5629 | F47: 9 | G47: Gyroid | H47: 31 | I47: 2.3404 | K47: 9 | L47: Gyroid | M47: 30.5 | N47: 2.1164
A48: 10 | B48: Grid | C48: 24.5 | D48: 1.8508 | F48: 10 | G48: Grid | H48: 29.6 | I48: 2.8334 | K48: 10 | L48: Grid | M48: 29.2 | N48: 2.3268
A49: 11 | B49: Grid | C49: 30.8 | D49: 2.1374 | F49: 11 | G49: Grid | H49: 36.9 | I49: 2.8868 | K49: 11 | L49: Grid | M49: 36.1 | N49: 2.5102
A50: 12 | B50: Cubic | C50: 24.6 | D50: 2.0702 | F50: 12 | G50: Cubic | H50: 29.5 | I50: 2.8893 | K50: 12 | L50: Cubic | M50: 28.9 | N50: 2.5668
... A53: 15 | B53: Gyroid | C53: 30.4 | D53: 2.1361 | F53: 15 | G53: Gyroid | H53: 36.8 | I53: 3.1633 | K53: 15 | L53: Gyroid | M53: 35.9 | N53: 2.6422

Sheet Material Comparison - MoE
A2: ABS | E2: PLA | I2: PETG
A3: Index Value | B3: Mass (g) | C3: Modulus of Elasticity (MPa) | E3: Index Value | F3: Mass (g) | G3: Modulus of Elasticity (MPa) | I3: Index Value | J3: Mass (g) | K3: Modulus of Elasticity (MPa) | M3: ABS | N3: PLA | O3: PETG
A4: 1 | B4: =C39 -> 61.3 | C4: =D39 -> 823.48 | E4: 1 | F4: =H39 -> 73 | G4: =I39 -> 1280.88 | I4: 1 | J4: =M39 -> 74.6 | K4: =N39 -> 713.07 | M4: =C4 -> 823.48 | N4: =G4 -> 1280.88 | O4: =K4 -> 713.07
A5: 2 | B5: =C40 -> 20 | C5: =D40 -> 268.27 | E5: 2 | F5: =H40 -> 16.7 | G5: =I40 -> 211.47 | I5: 2 | J5: =M40 -> 18 | K5: =N40 -> 121.17 | M5: =C5 -> 268.27 | N5: =G5 -> 211.47 | O5: =K5 -> 121.17
A6: 3 | B6: =C41 -> 25.5 | C6: =D41 -> 388.75 | E6: 3 | F6: =H41 -> 24.1 | G6: =I41 -> 354.94 | I6: 3 | J6: =M41 -> 26.7 | K6: =N41 -> 228.77 | M6: =C6 -> 388.75 | N6: =G6 -> 354.94 | O6: =K6 -> 228.77
A7: 4 | B7: =C42 -> 19.2 | C7: =D42 -> 205.66 | E7: 4 | F7: =H42 -> 23 | G7: =I42 -> 254.67 | I7: 4 | J7: =M42 -> 24.4 | K7: =N42 -> 176.33 | M7: =C7 -> 205.66 | N7: =G7 -> 254.67 | O7: =K7 -> 176.33
A8: 5 | B8: =C43 -> 26 | C8: =D43 -> 201.67 | E8: 5 | F8: =H43 -> 35.1 | G8: =I43 -> 369.98 | I8: 5 | J8: =M43 -> 35.5 | K8: =N43 -> 198.2 | M8: =C8 -> 201.67 | N8: =G8 -> 369.98 | O8: =K8 -> 198.2
A9: 6 | B9: =C44 -> 19 | C9: =D44 -> 227.06 | E9: 6 | F9: =H44 -> 22.9 | G9: =I44 -> 319.06 | I9: 6 | J9: =M44 -> 22.5 | K9: =N44 -> 162.5 | M9: =C9 -> 227.06 | N9: =G9 -> 319.06 | O9: =K9 -> 162.5
A10: 7 | B10: =C45 -> 26.1 | C10: =D45 -> 250.75 | E10: 7 | F10: =H45 -> 31.3 | G10: =I45 -> 390.65 | I10: 7 | J10: =M45 -> 30.8 | K10: =N45 -> 196.94 | M10: =C10 -> 250.75 | N10: =G10 -> 390.65 | O10: =K10 -> 196.94
A11: 8 | B11: =C46 -> 19 | C11: =D46 -> 190.34 | E11: 8 | F11: =H46 -> 23 | G11: =I46 -> 295.55 | I11: 8 | J11: =M46 -> 22.6 | K11: =N46 -> 158.37 | M11: =C11 -> 190.34 | N11: =G11 -> 295.55 | O11: =K11 -> 158.37
A12: 9 | B12: =C47 -> 25.6 | C12: =D47 -> 238.64 | E12: 9 | F12: =H47 -> 31 | G12: =I47 -> 332.1 | I12: 9 | J12: =M47 -> 30.5 | K12: =N47 -> 183.51 | M12: =C12 -> 238.64 | N12: =G12 -> 332.1 | O12: =K12 -> 183.51
A13: 10 | B13: =C48 -> 24.5 | C13: =D48 -> 252.92 | E13: 10 | F13: =H48 -> 29.6 | G13: =I48 -> 403.11 | I13: 10 | J13: =M48 -> 29.2 | K13: =N48 -> 216.39 | M13: =C13 -> 252.92 | N13: =G13 -> 403.11 | O13: =K13 -> 216.39
A14: 11 | B14: =C49 -> 30.8 | C14: =D49 -> 276.22 | E14: 11 | F14: =H49 -> 36.9 | G14: =I49 -> 414.66 | I14: 11 | J14: =M49 -> 36.1 | K14: =N49 -> 222.88 | M14: =C14 -> 276.22 | N14: =G14 -> 414.66 | O14: =K14 -> 222.88
A15: 12 | B15: =C50 -> 24.6 | C15: =D50 -> 318.51 | E15: 12 | F15: =H50 -> 29.5 | G15: =I50 -> 423.57 | I15: 12 | J15: =M50 -> 28.9 | K15: =N50 -> 234.1 | M15: =C15 -> 318.51 | N15: =G15 -> 423.57 | O15: =K15 -> 234.1
... A18: 15 | B18: =C53 -> 30.4 | C18: =D53 -> 285.92 | E18: 15 | F18: =H53 -> 36.8 | G18: =I53 -> 490.71 | I18: 15 | J18: =M53 -> 35.9 | K18: =N53 -> 252.96 | M18: =C18 -> 285.92 | N18: =G18 -> 490.71 | O18: =K18 -> 252.96
A19: Infill | B19: Average Modulus of Elasticity
A20: ABS | B20: =AVERAGE(C4:C18) -> 302.154
A21: PLA | B21: =AVERAGE(G4:G18) -> 428.44467
A22: PETG | B22: =AVERAGE(K4:K18) -> 240.17067
A24: Max Difference: | B24: =(1-B22/B21) -> 0.43943598
A37: ABS | F37: PLA | K37: PETG
A38: Index Value | B38: Infill Type | C38: Mass (g) | D38: Modulus of Elasticity (MPa) | F38: Index Value | G38: Infill Type | H38: Mass (g) | I38: Modulus of Elasticity (MPa) | K38: Index Value | L38: Infill Type | M38: Mass (g) | N38: Modulus of Elasticity (MPa)
A39: 1 | B39: N/a | C39: 61.3 | D39: 823.48 | F39: 1 | G39: N/a | H39: 73 | I39: 1280.88 | K39: 1 | L39: N/a | M39: 74.6 | N39: 713.07
A40: 2 | B40: N/a | C40: 20 | D40: 268.27 | F40: 2 | G40: N/a | H40: 16.7 | I40: 211.47 | K40: 2 | L40: N/a | M40: 18 | N40: 121.17
A41: 3 | B41: N/a | C41: 25.5 | D41: 388.75 | F41: 3 | G41: N/a | H41: 24.1 | I41: 354.94 | K41: 3 | L41: N/a | M41: 26.7 | N41: 228.77
A42: 4 | B42: Grid | C42: 19.2 | D42: 205.66 | F42: 4 | G42: Grid | H42: 23 | I42: 254.67 | K42: 4 | L42: Grid | M42: 24.4 | N42: 176.33
A43: 5 | B43: Grid | C43: 26 | D43: 201.67 | F43: 5 | G43: Grid | H43: 35.1 | I43: 369.98 | K43: 5 | L43: Grid | M43: 35.5 | N43: 198.2
A44: 6 | B44: Cubic | C44: 19 | D44: 227.06 | F44: 6 | G44: Cubic | H44: 22.9 | I44: 319.06 | K44: 6 | L44: Cubic | M44: 22.5 | N44: 162.5
A45: 7 | B45: Cubic | C45: 26.1 | D45: 250.75 | F45: 7 | G45: Cubic | H45: 31.3 | I45: 390.65 | K45: 7 | L45: Cubic | M45: 30.8 | N45: 196.94
A46: 8 | B46: Gyroid | C46: 19 | D46: 190.34 | F46: 8 | G46: Gyroid | H46: 23 | I46: 295.55 | K46: 8 | L46: Gyroid | M46: 22.6 | N46: 158.37
A47: 9 | B47: Gyroid | C47: 25.6 | D47: 238.64 | F47: 9 | G47: Gyroid | H47: 31 | I47: 332.1 | K47: 9 | L47: Gyroid | M47: 30.5 | N47: 183.51
A48: 10 | B48: Grid | C48: 24.5 | D48: 252.92 | F48: 10 | G48: Grid | H48: 29.6 | I48: 403.11 | K48: 10 | L48: Grid | M48: 29.2 | N48: 216.39
A49: 11 | B49: Grid | C49: 30.8 | D49: 276.22 | F49: 11 | G49: Grid | H49: 36.9 | I49: 414.66 | K49: 11 | L49: Grid | M49: 36.1 | N49: 222.88
A50: 12 | B50: Cubic | C50: 24.6 | D50: 318.51 | F50: 12 | G50: Cubic | H50: 29.5 | I50: 423.57 | K50: 12 | L50: Cubic | M50: 28.9 | N50: 234.1
... A53: 15 | B53: Gyroid | C53: 30.4 | D53: 285.92 | F53: 15 | G53: Gyroid | H53: 36.8 | I53: 490.71 | K53: 15 | L53: Gyroid | M53: 35.9 | N53: 252.96

Sheet Material Comparison - MoR
A2: ABS | E2: PLA | I2: PETG
A3: Index Value | B3: Mass (g) | C3: Modulus of Elasticity (MPa) | E3: Index Value | F3: Mass (g) | G3: Modulus of Elasticity (MPa) | I3: Index Value | J3: Mass (g) | K3: Modulus of Elasticity (MPa) | M3: ABS | N3: PLA | O3: PETG
A4: 1 | B4: =C39 -> 61.3 | C4: =D39 -> 0.235 | E4: 1 | F4: =H39 -> 73 | G4: =I39 -> 0.1056 | I4: 1 | J4: =M39 -> 74.6 | K4: =N39 -> 0.2849 | M4: =C4 -> 0.235 | N4: =G4 -> 0.1056 | O4: =K4 -> 0.2849
A5: 2 | B5: =C40 -> 20 | C5: =D40 -> 0.0293 | E5: 2 | F5: =H40 -> 16.7 | G5: =I40 -> 0.0327 | I5: 2 | J5: =M40 -> 18 | K5: =N40 -> 0.0742 | M5: =C5 -> 0.0293 | N5: =G5 -> 0.0327 | O5: =K5 -> 0.0742
A6: 3 | B6: =C41 -> 25.5 | C6: =D41 -> 0.0323 | E6: 3 | F6: =H41 -> 24.1 | G6: =I41 -> 0.0235 | I6: 3 | J6: =M41 -> 26.7 | K6: =N41 -> 0.0259 | M6: =C6 -> 0.0323 | N6: =G6 -> 0.0235 | O6: =K6 -> 0.0259
A7: 4 | B7: =C42 -> 19.2 | C7: =D42 -> 0.0207 | E7: 4 | F7: =H42 -> 23 | G7: =I42 -> 0.0798 | I7: 4 | J7: =M42 -> 24.4 | K7: =N42 -> 0.0994 | M7: =C7 -> 0.0207 | N7: =G7 -> 0.0798 | O7: =K7 -> 0.0994
A8: 5 | B8: =C43 -> 26 | C8: =D43 -> 0.061 | E8: 5 | F8: =H43 -> 35.1 | G8: =I43 -> 0.135 | I8: 5 | J8: =M43 -> 35.5 | K8: =N43 -> 0.2044 | M8: =C8 -> 0.061 | N8: =G8 -> 0.135 | O8: =K8 -> 0.2044
A9: 6 | B9: =C44 -> 19 | C9: =D44 -> 0.0161 | E9: 6 | F9: =H44 -> 22.9 | G9: =I44 -> 0.0673 | I9: 6 | J9: =M44 -> 22.5 | K9: =N44 -> 0.0752 | M9: =C9 -> 0.0161 | N9: =G9 -> 0.0673 | O9: =K9 -> 0.0752
A10: 7 | B10: =C45 -> 26.1 | C10: =D45 -> 0.0893 | E10: 7 | F10: =H45 -> 31.3 | G10: =I45 -> 0.1223 | I10: 7 | J10: =M45 -> 30.8 | K10: =N45 -> 0.1185 | M10: =C10 -> 0.0893 | N10: =G10 -> 0.1223 | O10: =K10 -> 0.1185
A11: 8 | B11: =C46 -> 19 | C11: =D46 -> 0.0587 | E11: 8 | F11: =H46 -> 23 | G11: =I46 -> 0.0814 | I11: 8 | J11: =M46 -> 22.6 | K11: =N46 -> 0.0401 | M11: =C11 -> 0.0587 | N11: =G11 -> 0.0814 | O11: =K11 -> 0.0401
A12: 9 | B12: =C47 -> 25.6 | C12: =D47 -> 0.0256 | E12: 9 | F12: =H47 -> 31 | G12: =I47 -> 0.1101 | I12: 9 | J12: =M47 -> 30.5 | K12: =N47 -> 0.1204 | M12: =C12 -> 0.0256 | N12: =G12 -> 0.1101 | O12: =K12 -> 0.1204
A13: 10 | B13: =C48 -> 24.5 | C13: =D48 -> 0.0791 | E13: 10 | F13: =H48 -> 29.6 | G13: =I48 -> 0.1157 | I13: 10 | J13: =M48 -> 29.2 | K13: =N48 -> 0.0885 | M13: =C13 -> 0.0791 | N13: =G13 -> 0.1157 | O13: =K13 -> 0.0885
A14: 11 | B14: =C49 -> 30.8 | C14: =D49 -> 0.1307 | E14: 11 | F14: =H49 -> 36.9 | G14: =I49 -> 0.1236 | I14: 11 | J14: =M49 -> 36.1 | K14: =N49 -> 0.1659 | M14: =C14 -> 0.1307 | N14: =G14 -> 0.1236 | O14: =K14 -> 0.1659
A15: 12 | B15: =C50 -> 24.6 | C15: =D50 -> 0.0202 | E15: 12 | F15: =H50 -> 29.5 | G15: =I50 -> 0.0704 | I15: 12 | J15: =M50 -> 28.9 | K15: =N50 -> 0.0723 | M15: =C15 -> 0.0202 | N15: =G15 -> 0.0704 | O15: =K15 -> 0.0723
... A18: 15 | B18: =C53 -> 30.4 | C18: =D53 -> 0.0969 | E18: 15 | F18: =H53 -> 36.8 | G18: =I53 -> 0.0663 | I18: 15 | J18: =M53 -> 35.9 | K18: =N53 -> 0.0794 | M18: =C18 -> 0.0969 | N18: =G18 -> 0.0663 | O18: =K18 -> 0.0794
A19: Infill | B19: Average Modulus of Resilience
A20: ABS | B20: =AVERAGE(C4:C18) -> 0.069386667
A21: PLA | B21: =AVERAGE(G4:G18) -> 0.09054
A22: PETG | B22: =AVERAGE(K4:K18) -> 0.10267333
A24: Max Difference: | B24: =(1-B20/B21) -> 0.23363523
A37: ABS | F37: PLA | K37: PETG
A38: Index Value | B38: Infill Type | C38: Mass (g) | D38: Modulus of Resilience (MPa) | F38: Index Value | G38: Infill Type | H38: Mass (g) | I38: Modulus of Resilience (MPa) | K38: Index Value | L38: Infill Type | M38: Mass (g) | N38: Modulus of Resilience (MPa)
A39: 1 | B39: N/a | C39: 61.3 | D39: 0.235 | F39: 1 | G39: N/a | H39: 73 | I39: 0.1056 | K39: 1 | L39: N/a | M39: 74.6 | N39: 0.2849
A40: 2 | B40: N/a | C40: 20 | D40: 0.0293 | F40: 2 | G40: N/a | H40: 16.7 | I40: 0.0327 | K40: 2 | L40: N/a | M40: 18 | N40: 0.0742
A41: 3 | B41: N/a | C41: 25.5 | D41: 0.0323 | F41: 3 | G41: N/a | H41: 24.1 | I41: 0.0235 | K41: 3 | L41: N/a | M41: 26.7 | N41: 0.0259
A42: 4 | B42: Grid | C42: 19.2 | D42: 0.0207 | F42: 4 | G42: Grid | H42: 23 | I42: 0.0798 | K42: 4 | L42: Grid | M42: 24.4 | N42: 0.0994
A43: 5 | B43: Grid | C43: 26 | D43: 0.061 | F43: 5 | G43: Grid | H43: 35.1 | I43: 0.135 | K43: 5 | L43: Grid | M43: 35.5 | N43: 0.2044
A44: 6 | B44: Cubic | C44: 19 | D44: 0.0161 | F44: 6 | G44: Cubic | H44: 22.9 | I44: 0.0673 | K44: 6 | L44: Cubic | M44: 22.5 | N44: 0.0752
A45: 7 | B45: Cubic | C45: 26.1 | D45: 0.0893 | F45: 7 | G45: Cubic | H45: 31.3 | I45: 0.1223 | K45: 7 | L45: Cubic | M45: 30.8 | N45: 0.1185
A46: 8 | B46: Gyroid | C46: 19 | D46: 0.0587 | F46: 8 | G46: Gyroid | H46: 23 | I46: 0.0814 | K46: 8 | L46: Gyroid | M46: 22.6 | N46: 0.0401
A47: 9 | B47: Gyroid | C47: 25.6 | D47: 0.0256 | F47: 9 | G47: Gyroid | H47: 31 | I47: 0.1101 | K47: 9 | L47: Gyroid | M47: 30.5 | N47: 0.1204
A48: 10 | B48: Grid | C48: 24.5 | D48: 0.0791 | F48: 10 | G48: Grid | H48: 29.6 | I48: 0.1157 | K48: 10 | L48: Grid | M48: 29.2 | N48: 0.0885
A49: 11 | B49: Grid | C49: 30.8 | D49: 0.1307 | F49: 11 | G49: Grid | H49: 36.9 | I49: 0.1236 | K49: 11 | L49: Grid | M49: 36.1 | N49: 0.1659
A50: 12 | B50: Cubic | C50: 24.6 | D50: 0.0202 | F50: 12 | G50: Cubic | H50: 29.5 | I50: 0.0704 | K50: 12 | L50: Cubic | M50: 28.9 | N50: 0.0723
... A53: 15 | B53: Gyroid | C53: 30.4 | D53: 0.0969 | F53: 15 | G53: Gyroid | H53: 36.8 | I53: 0.0663 | K53: 15 | L53: Gyroid | M53: 35.9 | N53: 0.0794

Sheet Material Comparison - YS
A2: ABS | E2: PLA | I2: PETG
A3: Index Value | B3: Mass (g) | C3: Yield Strength (kN) | E3: Index Value | F3: Mass (g) | G3: Yield Strength (kN) | I3: Index Value | J3: Mass (g) | K3: Yield Strength (kN) | M3: ABS | N3: PLA | O3: PETG
A4: 1 | B4: =C39 -> 61.3 | C4: =D39 -> 3.4478 | E4: 1 | F4: =H39 -> 73 | G4: =I39 -> 2.6982 | I4: 1 | J4: =M39 -> 74.6 | K4: =N39 -> 3.56 | M4: =C4 -> 3.4478 | N4: =G4 -> 2.6982 | O4: =K4 -> 3.56
A5: 2 | B5: =C40 -> 20 | C5: =D40 -> 0.6821 | E5: 2 | F5: =H40 -> 16.7 | G5: =I40 -> 0.6491 | I5: 2 | J5: =M40 -> 18 | K5: =N40 -> 0.7568 | M5: =C5 -> 0.6821 | N5: =G5 -> 0.6491 | O5: =K5 -> 0.7568
A6: 3 | B6: =C41 -> 25.5 | C6: =D41 -> 0.8567 | E6: 3 | F6: =H41 -> 24.1 | G6: =I41 -> 0.693 | I6: 3 | J6: =M41 -> 26.7 | K6: =N41 -> 0.598 | M6: =C6 -> 0.8567 | N6: =G6 -> 0.693 | O6: =K6 -> 0.598
A7: 4 | B7: =C42 -> 19.2 | C7: =D42 -> 0.5052 | E7: 4 | F7: =H42 -> 23 | G7: =I42 -> 1.1251 | I7: 4 | J7: =M42 -> 24.4 | K7: =N42 -> 1.0671 | M7: =C7 -> 0.5052 | N7: =G7 -> 1.1251 | O7: =K7 -> 1.0671
A8: 5 | B8: =C43 -> 26 | C8: =D43 -> 0.8843 | E8: 5 | F8: =H43 -> 35.1 | G8: =I43 -> 1.7471 | I8: 5 | J8: =M43 -> 35.5 | K8: =N43 -> 1.5927 | M8: =C8 -> 0.8843 | N8: =G8 -> 1.7471 | O8: =K8 -> 1.5927
A9: 6 | B9: =C44 -> 19 | C9: =D44 -> 0.4627 | E9: 6 | F9: =H44 -> 22.9 | G9: =I44 -> 1.1478 | I9: 6 | J9: =M44 -> 22.5 | K9: =N44 -> 0.8549 | M9: =C9 -> 0.4627 | N9: =G9 -> 1.1478 | O9: =K9 -> 0.8549
A10: 7 | B10: =C45 -> 26.1 | C10: =D45 -> 1.1915 | E10: 7 | F10: =H45 -> 31.3 | G10: =I45 -> 1.731 | I10: 7 | J10: =M45 -> 30.8 | K10: =N45 -> 1.2204 | M10: =C10 -> 1.1915 | N10: =G10 -> 1.731 | O10: =K10 -> 1.2204
A11: 8 | B11: =C46 -> 19 | C11: =D46 -> 0.8357 | E11: 8 | F11: =H46 -> 23 | G11: =I46 -> 1.2307 | I11: 8 | J11: =M46 -> 22.6 | K11: =N46 -> 0.6326 | M11: =C11 -> 0.8357 | N11: =G11 -> 1.2307 | O11: =K11 -> 0.6326
A12: 9 | B12: =C47 -> 25.6 | C12: =D47 -> 0.6075 | E12: 9 | F12: =H47 -> 31 | G12: =I47 -> 1.5126 | I12: 9 | J12: =M47 -> 30.5 | K12: =N47 -> 1.1699 | M12: =C12 -> 0.6075 | N12: =G12 -> 1.5126 | O12: =K12 -> 1.1699
A13: 10 | B13: =C48 -> 24.5 | C13: =D48 -> 1.1189 | E13: 10 | F13: =H48 -> 29.6 | G13: =I48 -> 1.7044 | I13: 10 | J13: =M48 -> 29.2 | K13: =N48 -> 1.1034 | M13: =C13 -> 1.1189 | N13: =G13 -> 1.7044 | O13: =K13 -> 1.1034
A14: 11 | B14: =C49 -> 30.8 | C14: =D49 -> 1.518 | E14: 11 | F14: =H49 -> 36.9 | G14: =I49 -> 1.7942 | I14: 11 | J14: =M49 -> 36.1 | K14: =N49 -> 1.4642 | M14: =C14 -> 1.518 | N14: =G14 -> 1.7942 | O14: =K14 -> 1.4642
A15: 12 | B15: =C50 -> 24.6 | C15: =D50 -> 0.6075 | E15: 12 | F15: =H50 -> 29.5 | G15: =I50 -> 1.35 | I15: 12 | J15: =M50 -> 28.9 | K15: =N50 -> 1.0249 | M15: =C15 -> 0.6075 | N15: =G15 -> 1.35 | O15: =K15 -> 1.0249
... A18: 15 | B18: =C53 -> 30.4 | C18: =D53 -> 1.3223 | E18: 15 | F18: =H53 -> 36.8 | G18: =I53 -> 1.401 | I18: 15 | J18: =M53 -> 35.9 | K18: =N53 -> 1.1319 | M18: =C18 -> 1.3223 | N18: =G18 -> 1.401 | O18: =K18 -> 1.1319
A19: Infill | B19: Average Yield Strength
A20: ABS | B20: =AVERAGE(C4:C18) -> 1.0891933
A21: PLA | B21: =AVERAGE(G4:G18) -> 1.4857133
A22: PETG | B22: =AVERAGE(K4:K18) -> 1.1948867
A24: Max Difference: | B24: =(1-B20/B21) -> 0.26688863
A37: ABS | F37: PLA | K37: PETG
A38: Index Value | B38: Infill Type | C38: Mass (g) | D38: Yield Strength (kN) | F38: Index Value | G38: Infill Type | H38: Mass (g) | I38: Yield Strength (kN) | K38: Index Value | L38: Infill Type | M38: Mass (g) | N38: Yield Strength (kN)
A39: 1 | B39: N/a | C39: 61.3 | D39: 3.4478 | F39: 1 | G39: N/a | H39: 73 | I39: 2.6982 | K39: 1 | L39: N/a | M39: 74.6 | N39: 3.56
A40: 2 | B40: N/a | C40: 20 | D40: 0.6821 | F40: 2 | G40: N/a | H40: 16.7 | I40: 0.6491 | K40: 2 | L40: N/a | M40: 18 | N40: 0.7568
A41: 3 | B41: N/a | C41: 25.5 | D41: 0.8567 | F41: 3 | G41: N/a | H41: 24.1 | I41: 0.693 | K41: 3 | L41: N/a | M41: 26.7 | N41: 0.598
A42: 4 | B42: Grid | C42: 19.2 | D42: 0.5052 | F42: 4 | G42: Grid | H42: 23 | I42: 1.1251 | K42: 4 | L42: Grid | M42: 24.4 | N42: 1.0671
A43: 5 | B43: Grid | C43: 26 | D43: 0.8843 | F43: 5 | G43: Grid | H43: 35.1 | I43: 1.7471 | K43: 5 | L43: Grid | M43: 35.5 | N43: 1.5927
A44: 6 | B44: Cubic | C44: 19 | D44: 0.4627 | F44: 6 | G44: Cubic | H44: 22.9 | I44: 1.1478 | K44: 6 | L44: Cubic | M44: 22.5 | N44: 0.8549
A45: 7 | B45: Cubic | C45: 26.1 | D45: 1.1915 | F45: 7 | G45: Cubic | H45: 31.3 | I45: 1.731 | K45: 7 | L45: Cubic | M45: 30.8 | N45: 1.2204
A46: 8 | B46: Gyroid | C46: 19 | D46: 0.8357 | F46: 8 | G46: Gyroid | H46: 23 | I46: 1.2307 | K46: 8 | L46: Gyroid | M46: 22.6 | N46: 0.6326
A47: 9 | B47: Gyroid | C47: 25.6 | D47: 0.6075 | F47: 9 | G47: Gyroid | H47: 31 | I47: 1.5126 | K47: 9 | L47: Gyroid | M47: 30.5 | N47: 1.1699
A48: 10 | B48: Grid | C48: 24.5 | D48: 1.1189 | F48: 10 | G48: Grid | H48: 29.6 | I48: 1.7044 | K48: 10 | L48: Grid | M48: 29.2 | N48: 1.1034
A49: 11 | B49: Grid | C49: 30.8 | D49: 1.518 | F49: 11 | G49: Grid | H49: 36.9 | I49: 1.7942 | K49: 11 | L49: Grid | M49: 36.1 | N49: 1.4642
A50: 12 | B50: Cubic | C50: 24.6 | D50: 0.6075 | F50: 12 | G50: Cubic | H50: 29.5 | I50: 1.35 | K50: 12 | L50: Cubic | M50: 28.9 | N50: 1.0249
... A53: 15 | B53: Gyroid | C53: 30.4 | D53: 1.3223 | F53: 15 | G53: Gyroid | H53: 36.8 | I53: 1.401 | K53: 15 | L53: Gyroid | M53: 35.9 | N53: 1.1319

Sheet Perimeter Comparison - UTS
A2: ABS | E2: PLA | I2: PETG | U2: Borders
A3: Index Value | B3: Mass (g) | C3: Ultimate Tensile Strength (kN) | E3: Index Value | F3: Mass (g) | G3: Ultimate Tensile Strength (kN) | I3: Index Value | J3: Mass (g) | K3: Ultimate Tensile Strength (kN) | M3: ABS | N3: PLA | O3: PETG | U3: 2 | V3: 3
A4: 4 | B4: =C39 -> 19.2 | C4: =D39 -> 1.335 | E4: 4 | F4: =H39 -> 23 | G4: =I39 -> 1.7476 | I4: 4 | J4: =M39 -> 24.4 | K4: =N39 -> 2.0192 | M4: =C4 -> 1.335 | N4: =G4 -> 1.7476 | O4: =K4 -> 2.0192 | U4: {=C4:C9} -> 1.335 | V4: {=C10:C15} -> 1.8508
A5: 5 | B5: =C40 -> 26 | C5: =D40 -> 1.445 | E5: 5 | F5: =H40 -> 35.1 | G5: =I40 -> 2.4642 | I5: 5 | J5: =M40 -> 35.5 | K5: =N40 -> 2.3 | M5: =C5 -> 1.445 | N5: =G5 -> 2.4642 | O5: =K5 -> 2.3 | U5: 1.445 | V5: 2.1374
A6: 6 | B6: =C41 -> 19 | C6: =D41 -> 1.4693 | E6: 6 | F6: =H41 -> 22.9 | G6: =I41 -> 2.1302 | I6: 6 | J6: =M41 -> 22.5 | K6: =N41 -> 1.7901 | M6: =C6 -> 1.4693 | N6: =G6 -> 2.1302 | O6: =K6 -> 1.7901 | U6: 1.4693 | V6: 2.0702
A7: 7 | B7: =C42 -> 26.1 | C7: =D42 -> 1.8183 | E7: 7 | F7: =H42 -> 31.3 | G7: =I42 -> 2.6031 | I7: 7 | J7: =M42 -> 30.8 | K7: =N42 -> 2.2188 | M7: =C7 -> 1.8183 | N7: =G7 -> 2.6031 | O7: =K7 -> 2.2188 | U7: 1.8183 | V7: 2.3705
A8: 8 | B8: =C43 -> 19 | C8: =D43 -> 1.4343 | E8: 8 | F8: =H43 -> 23 | G8: =I43 -> 2.0438 | I8: 8 | J8: =M43 -> 22.6 | K8: =N43 -> 1.7519 | M8: =C8 -> 1.4343 | N8: =G8 -> 2.0438 | O8: =K8 -> 1.7519 | U8: 1.4343 | V8: 1.8688
A9: 9 | B9: =C44 -> 25.6 | C9: =D44 -> 1.5629 | E9: 9 | F9: =H44 -> 31 | G9: =I44 -> 2.3404 | I9: 9 | J9: =M44 -> 30.5 | K9: =N44 -> 2.1164 | M9: =C9 -> 1.5629 | N9: =G9 -> 2.3404 | O9: =K9 -> 2.1164 | U9: 1.5629 | V9: 2.1361
A10: 10 | B10: =C45 -> 24.5 | C10: =D45 -> 1.8508 | E10: 10 | F10: =H45 -> 29.6 | G10: =I45 -> 2.8334 | I10: 10 | J10: =M45 -> 29.2 | K10: =N45 -> 2.3268 | M10: =C10 -> 1.8508 | N10: =G10 -> 2.8334 | O10: =K10 -> 2.3268 | U10: {=G4:G9} -> 1.7476 | V10: {=G10:G15} -> 2.8334
A11: 11 | B11: =C46 -> 30.8 | C11: =D46 -> 2.1374 | E11: 11 | F11: =H46 -> 36.9 | G11: =I46 -> 2.8868 | I11: 11 | J11: =M46 -> 36.1 | K11: =N46 -> 2.5102 | M11: =C11 -> 2.1374 | N11: =G11 -> 2.8868 | O11: =K11 -> 2.5102 | U11: 2.4642 | V11: 2.8868
A12: 12 | B12: =C47 -> 24.6 | C12: =D47 -> 2.0702 | E12: 12 | F12: =H47 -> 29.5 | G12: =I47 -> 2.8893 | I12: 12 | J12: =M47 -> 28.9 | K12: =N47 -> 2.5668 | M12: =C12 -> 2.0702 | N12: =G12 -> 2.8893 | O12: =K12 -> 2.5668 | U12: 2.1302 | V12: 2.8893
A13: 13 | B13: =C48 -> 30.8 | C13: =D48 -> 2.3705 | E13: 13 | F13: =H48 -> 36.9 | G13: =I48 -> 3.2658 | I13: 13 | J13: =M48 -> 36.2 | K13: =N48 -> 2.9684 | M13: =C13 -> 2.3705 | N13: =G13 -> 3.2658 | O13: =K13 -> 2.9684 | U13: 2.6031 | V13: 3.2658
A14: 14 | B14: =C49 -> 24.6 | C14: =D49 -> 1.8688 | E14: 14 | F14: =H49 -> 29.8 | G14: =I49 -> 2.6368 | I14: 14 | J14: =M49 -> 29.2 | K14: =N49 -> 2.4034 | M14: =C14 -> 1.8688 | N14: =G14 -> 2.6368 | O14: =K14 -> 2.4034 | U14: 2.0438 | V14: 2.6368
A15: 15 | B15: =C50 -> 30.4 | C15: =D50 -> 2.1361 | E15: 15 | F15: =H50 -> 36.8 | G15: =I50 -> 3.1633 | I15: 15 | J15: =M50 -> 35.9 | K15: =N50 -> 2.6422 | M15: =C15 -> 2.1361 | N15: =G15 -> 3.1633 | O15: =K15 -> 2.6422 | U15: 2.3404 | V15: 3.1633
A16: Perimeters | B16: Average Ultimate Strength | U16: {=K4:K9} -> 2.0192 | V16: {=K10:K15} -> 2.3268
A17: 2 | B17: =AVERAGE(M4:O9) -> 1.9216944 | U17: 2.3 | V17: 2.5102
A18: 3 | B18: =AVERAGE(M10:O15) -> 2.5292778 | U18: 1.7901 | V18: 2.5668
U19: 2.2188 | V19: 2.9684
U20: 1.7519 | V20: 2.4034
A21: Max Difference: | B21: =(1-B17/B18) -> 0.24022009 | U21: 2.1164 | V21: 2.6422
A34: ABS | F34: PLA | K34: PETG
A35: Index Value | B35: Border number | C35: Mass (g) | D35: Ultimate Tensile Strength (kN) | F35: Index Value | G35: Border number | H35: Mass (g) | I35: Ultimate Tensile Strength (kN) | K35: Index Value | L35: Border number | M35: Mass (g) | N35: Ultimate Tensile Strength (kN)
A36: 1 | B36: Inf | C36: 61.3 | D36: 6.6299 | F36: 1 | G36: Inf | H36: 73 | I36: 9.3463 | K36: 1 | L36: Inf | M36: 74.6 | N36: 9.6693
A37: 2 | B37: 2 | C37: 20 | D37: 1.6811 | F37: 2 | G37: 2 | H37: 16.7 | I37: 1.6182 | K37: 2 | L37: 2 | M37: 18 | N37: 1.5726
A38: 3 | B38: 3 | C38: 25.5 | D38: 2.8112 | F38: 3 | G38: 3 | H38: 24.1 | I38: 2.4347 | K38: 3 | L38: 3 | M38: 26.7 | N38: 2.6493
A39: 4 | B39: 2 | C39: 19.2 | D39: 1.335 | F39: 4 | G39: 2 | H39: 23 | I39: 1.7476 | K39: 4 | L39: 2 | M39: 24.4 | N39: 2.0192
A40: 5 | B40: 2 | C40: 26 | D40: 1.445 | F40: 5 | G40: 2 | H40: 35.1 | I40: 2.4642 | K40: 5 | L40: 2 | M40: 35.5 | N40: 2.3
A41: 6 | B41: 2 | C41: 19 | D41: 1.4693 | F41: 6 | G41: 2 | H41: 22.9 | I41: 2.1302 | K41: 6 | L41: 2 | M41: 22.5 | N41: 1.7901
A42: 7 | B42: 2 | C42: 26.1 | D42: 1.8183 | F42: 7 | G42: 2 | H42: 31.3 | I42: 2.6031 | K42: 7 | L42: 2 | M42: 30.8 | N42: 2.2188
A43: 8 | B43: 2 | C43: 19 | D43: 1.4343 | F43: 8 | G43: 2 | H43: 23 | I43: 2.0438 | K43: 8 | L43: 2 | M43: 22.6 | N43: 1.7519
A44: 9 | B44: 2 | C44: 25.6 | D44: 1.5629 | F44: 9 | G44: 2 | H44: 31 | I44: 2.3404 | K44: 9 | L44: 2 | M44: 30.5 | N44: 2.1164
A45: 10 | B45: 3 | C45: 24.5 | D45: 1.8508 | F45: 10 | G45: 3 | H45: 29.6 | I45: 2.8334 | K45: 10 | L45: 3 | M45: 29.2 | N45: 2.3268
A46: 11 | B46: 3 | C46: 30.8 | D46: 2.1374 | F46: 11 | G46: 3 | H46: 36.9 | I46: 2.8868 | K46: 11 | L46: 3 | M46: 36.1 | N46: 2.5102
A47: 12 | B47: 3 | C47: 24.6 | D47: 2.0702 | F47: 12 | G47: 3 | H47: 29.5 | I47: 2.8893 | K47: 12 | L47: 3 | M47: 28.9 | N47: 2.5668
A48: 13 | B48: 3 | C48: 30.8 | D48: 2.3705 | F48: 13 | G48: 3 | H48: 36.9 | I48: 3.2658 | K48: 13 | L48: 3 | M48: 36.2 | N48: 2.9684
... A50: 15 | B50: 3 | C50: 30.4 | D50: 2.1361 | F50: 15 | G50: 3 | H50: 36.8 | I50: 3.1633 | K50: 15 | L50: 3 | M50: 35.9 | N50: 2.6422

Sheet Perimeter Comparison - MoE
A2: ABS | E2: PLA | I2: PETG | U2: Borders
A3: Index Value | B3: Mass (g) | C3: Modulus of Elasticity (MPa) | E3: Index Value | F3: Mass (g) | G3: Modulus of Elasticity (MPa) | I3: Index Value | J3: Mass (g) | K3: Modulus of Elasticity (MPa) | M3: ABS | N3: PLA | O3: PETG | U3: 2 | V3: 3
A4: 4 | B4: =C39 -> 19.2 | C4: =D39 -> 205.66 | E4: 4 | F4: =H39 -> 23 | G4: =I39 -> 254.67 | I4: 4 | J4: =M39 -> 24.4 | K4: =N39 -> 176.33 | M4: =C4 -> 205.66 | N4: =G4 -> 254.67 | O4: =K4 -> 176.33 | U4: {=C4:C9} -> 205.66 | V4: {=C10:C15} -> 252.92
A5: 5 | B5: =C40 -> 26 | C5: =D40 -> 201.67 | E5: 5 | F5: =H40 -> 35.1 | G5: =I40 -> 369.98 | I5: 5 | J5: =M40 -> 35.5 | K5: =N40 -> 198.2 | M5: =C5 -> 201.67 | N5: =G5 -> 369.98 | O5: =K5 -> 198.2 | U5: 201.67 | V5: 276.22
A6: 6 | B6: =C41 -> 19 | C6: =D41 -> 227.06 | E6: 6 | F6: =H41 -> 22.9 | G6: =I41 -> 319.06 | I6: 6 | J6: =M41 -> 22.5 | K6: =N41 -> 162.5 | M6: =C6 -> 227.06 | N6: =G6 -> 319.06 | O6: =K6 -> 162.5 | U6: 227.06 | V6: 318.51
A7: 7 | B7: =C42 -> 26.1 | C7: =D42 -> 250.75 | E7: 7 | F7: =H42 -> 31.3 | G7: =I42 -> 390.65 | I7: 7 | J7: =M42 -> 30.8 | K7: =N42 -> 196.94 | M7: =C7 -> 250.75 | N7: =G7 -> 390.65 | O7: =K7 -> 196.94 | U7: 250.75 | V7: 326.7
A8: 8 | B8: =C43 -> 19 | C8: =D43 -> 190.34 | E8: 8 | F8: =H43 -> 23 | G8: =I43 -> 295.55 | I8: 8 | J8: =M43 -> 22.6 | K8: =N43 -> 158.37 | M8: =C8 -> 190.34 | N8: =G8 -> 295.55 | O8: =K8 -> 158.37 | U8: 190.34 | V8: 277.42
A9: 9 | B9: =C44 -> 25.6 | C9: =D44 -> 238.64 | E9: 9 | F9: =H44 -> 31 | G9: =I44 -> 332.1 | I9: 9 | J9: =M44 -> 30.5 | K9: =N44 -> 183.51 | M9: =C9 -> 238.64 | N9: =G9 -> 332.1 | O9: =K9 -> 183.51 | U9: 238.64 | V9: 285.92
A10: 10 | B10: =C45 -> 24.5 | C10: =D45 -> 252.92 | E10: 10 | F10: =H45 -> 29.6 | G10: =I45 -> 403.11 | I10: 10 | J10: =M45 -> 29.2 | K10: =N45 -> 216.39 | M10: =C10 -> 252.92 | N10: =G10 -> 403.11 | O10: =K10 -> 216.39 | U10: {=G4:G9} -> 254.67 | V10: {=G10:G15} -> 403.11
A11: 11 | B11: =C46 -> 30.8 | C11: =D46 -> 276.22 | E11: 11 | F11: =H46 -> 36.9 | G11: =I46 -> 414.66 | I11: 11 | J11: =M46 -> 36.1 | K11: =N46 -> 222.88 | M11: =C11 -> 276.22 | N11: =G11 -> 414.66 | O11: =K11 -> 222.88 | U11: 369.98 | V11: 414.66
A12: 12 | B12: =C47 -> 24.6 | C12: =D47 -> 318.51 | E12: 12 | F12: =H47 -> 29.5 | G12: =I47 -> 423.57 | I12: 12 | J12: =M47 -> 28.9 | K12: =N47 -> 234.1 | M12: =C12 -> 318.51 | N12: =G12 -> 423.57 | O12: =K12 -> 234.1 | U12: 319.06 | V12: 423.57
A13: 13 | B13: =C48 -> 30.8 | C13: =D48 -> 326.7 | E13: 13 | F13: =H48 -> 36.9 | G13: =I48 -> 483.77 | I13: 13 | J13: =M48 -> 36.2 | K13: =N48 -> 297.6 | M13: =C13 -> 326.7 | N13: =G13 -> 483.77 | O13: =K13 -> 297.6 | U13: 390.65 | V13: 483.77
A14: 14 | B14: =C49 -> 24.6 | C14: =D49 -> 277.42 | E14: 14 | F14: =H49 -> 29.8 | G14: =I49 -> 401.55 | I14: 14 | J14: =M49 -> 29.2 | K14: =N49 -> 239.77 | M14: =C14 -> 277.42 | N14: =G14 -> 401.55 | O14: =K14 -> 239.77 | U14: 295.55 | V14: 401.55
A15: 15 | B15: =C50 -> 30.4 | C15: =D50 -> 285.92 | E15: 15 | F15: =H50 -> 36.8 | G15: =I50 -> 490.71 | I15: 15 | J15: =M50 -> 35.9 | K15: =N50 -> 252.96 | M15: =C15 -> 285.92 | N15: =G15 -> 490.71 | O15: =K15 -> 252.96 | U15: 332.1 | V15: 490.71
A16: Perimeters | B16: Average Modulus of Elasticity | U16: {=K4:K9} -> 176.33 | V16: {=K10:K15} -> 216.39
A17: 2 | B17: =AVERAGE(M4:O9) -> 241.77667 | U17: 198.2 | V17: 222.88
A18: 3 | B18: =AVERAGE(M10:O15) -> 323.26444 | U18: 162.5 | V18: 234.1
U19: 196.94 | V19: 297.6
U20: 158.37 | V20: 239.77
A21: Max Difference: | B21: =(1-B17/B18) -> 0.25207776 | U21: 183.51 | V21: 252.96
A34: ABS | F34: PLA | K34: PETG
A35: Index Value | B35: Border number | C35: Mass (g) | D35: Modulus of Elasticity (MPa) | F35: Index Value | G35: Border number | H35: Mass (g) | I35: Modulus of Elasticity (MPa) | K35: Index Value | L35: Border number | M35: Mass (g) | N35: Modulus of Elasticity (MPa)
A36: 1 | B36: Inf | C36: 61.3 | D36: 823.48 | F36: 1 | G36: Inf | H36: 73 | I36: 1280.88 | K36: 1 | L36: Inf | M36: 74.6 | N36: 713.07
A37: 2 | B37: 2 | C37: 20 | D37: 268.27 | F37: 2 | G37: 2 | H37: 16.7 | I37: 211.47 | K37: 2 | L37: 2 | M37: 18 | N37: 121.17
A38: 3 | B38: 3 | C38: 25.5 | D38: 388.75 | F38: 3 | G38: 3 | H38: 24.1 | I38: 354.94 | K38: 3 | L38: 3 | M38: 26.7 | N38: 228.77
A39: 4 | B39: 2 | C39: 19.2 | D39: 205.66 | F39: 4 | G39: 2 | H39: 23 | I39: 254.67 | K39: 4 | L39: 2 | M39: 24.4 | N39: 176.33
A40: 5 | B40: 2 | C40: 26 | D40: 201.67 | F40: 5 | G40: 2 | H40: 35.1 | I40: 369.98 | K40: 5 | L40: 2 | M40: 35.5 | N40: 198.2
A41: 6 | B41: 2 | C41: 19 | D41: 227.06 | F41: 6 | G41: 2 | H41: 22.9 | I41: 319.06 | K41: 6 | L41: 2 | M41: 22.5 | N41: 162.5
A42: 7 | B42: 2 | C42: 26.1 | D42: 250.75 | F42: 7 | G42: 2 | H42: 31.3 | I42: 390.65 | K42: 7 | L42: 2 | M42: 30.8 | N42: 196.94
A43: 8 | B43: 2 | C43: 19 | D43: 190.34 | F43: 8 | G43: 2 | H43: 23 | I43: 295.55 | K43: 8 | L43: 2 | M43: 22.6 | N43: 158.37
A44: 9 | B44: 2 | C44: 25.6 | D44: 238.64 | F44: 9 | G44: 2 | H44: 31 | I44: 332.1 | K44: 9 | L44: 2 | M44: 30.5 | N44: 183.51
A45: 10 | B45: 3 | C45: 24.5 | D45: 252.92 | F45: 10 | G45: 3 | H45: 29.6 | I45: 403.11 | K45: 10 | L45: 3 | M45: 29.2 | N45: 216.39
A46: 11 | B46: 3 | C46: 30.8 | D46: 276.22 | F46: 11 | G46: 3 | H46: 36.9 | I46: 414.66 | K46: 11 | L46: 3 | M46: 36.1 | N46: 222.88
A47: 12 | B47: 3 | C47: 24.6 | D47: 318.51 | F47: 12 | G47: 3 | H47: 29.5 | I47: 423.57 | K47: 12 | L47: 3 | M47: 28.9 | N47: 234.1
A48: 13 | B48: 3 | C48: 30.8 | D48: 326.7 | F48: 13 | G48: 3 | H48: 36.9 | I48: 483.77 | K48: 13 | L48: 3 | M48: 36.2 | N48: 297.6
... A50: 15 | B50: 3 | C50: 30.4 | D50: 285.92 | F50: 15 | G50: 3 | H50: 36.8 | I50: 490.71 | K50: 15 | L50: 3 | M50: 35.9 | N50: 252.96

Sheet Perimeter Comparison - MoR
A2: ABS | E2: PLA | I2: PETG | U2: Borders
A3: Index Value | B3: Mass (g) | C3: Modulus of Resilience (MPa) | E3: Index Value | F3: Mass (g) | G3: Modulus of Resilience (MPa) | I3: Index Value | J3: Mass (g) | K3: Modulus of Resilience (MPa) | M3: ABS | N3: PLA | O3: PETG | U3: 2 | V3: 3
A4: 4 | B4: =C39 -> 19.2 | C4: =D39 -> 0.0207 | E4: 4 | F4: =H39 -> 23 | G4: =I39 -> 0.0798 | I4: 4 | J4: =M39 -> 24.4 | K4: =N39 -> 0.0994 | M4: =C4 -> 0.0207 | N4: =G4 -> 0.0798 | O4: =K4 -> 0.0994 | U4: {=C4:C9} -> 0.0207 | V4: {=C10:C15} -> 0.0791
A5: 5 | B5: =C40 -> 26 | C5: =D40 -> 0.061 | E5: 5 | F5: =H40 -> 35.1 | G5: =I40 -> 0.135 | I5: 5 | J5: =M40 -> 35.5 | K5: =N40 -> 0.2044 | M5: =C5 -> 0.061 | N5: =G5 -> 0.135 | O5: =K5 -> 0.2044 | U5: 0.061 | V5: 0.1307
A6: 6 | B6: =C41 -> 19 | C6: =D41 -> 0.0161 | E6: 6 | F6: =H41 -> 22.9 | G6: =I41 -> 0.0673 | I6: 6 | J6: =M41 -> 22.5 | K6: =N41 -> 0.0752 | M6: =C6 -> 0.0161 | N6: =G6 -> 0.0673 | O6: =K6 -> 0.0752 | U6: 0.0161 | V6: 0.0202
A7: 7 | B7: =C42 -> 26.1 | C7: =D42 -> 0.0893 | E7: 7 | F7: =H42 -> 31.3 | G7: =I42 -> 0.1223 | I7: 7 | J7: =M42 -> 30.8 | K7: =N42 -> 0.1185 | M7: =C7 -> 0.0893 | N7: =G7 -> 0.1223 | O7: =K7 -> 0.1185 | U7: 0.0893 | V7: 0.1067
A8: 8 | B8: =C43 -> 19 | C8: =D43 -> 0.0587 | E8: 8 | F8: =H43 -> 23 | G8: =I43 -> 0.0814 | I8: 8 | J8: =M43 -> 22.6 | K8: =N43 -> 0.0401 | M8: =C8 -> 0.0587 | N8: =G8 -> 0.0814 | O8: =K8 -> 0.0401 | U8: 0.0587 | V8: 0.0392
A9: 9 | B9: =C44 -> 25.6 | C9: =D44 -> 0.0256 | E9: 9 | F9: =H44 -> 31 | G9: =I44 -> 0.1101 | I9: 9 | J9: =M44 -> 30.5 | K9: =N44 -> 0.1204 | M9: =C9 -> 0.0256 | N9: =G9 -> 0.1101 | O9: =K9 -> 0.1204 | U9: 0.0256 | V9: 0.0969
A10: 10 | B10: =C45 -> 24.5 | C10: =D45 -> 0.0791 | E10: 10 | F10: =H45 -> 29.6 | G10: =I45 -> 0.1157 | I10: 10 | J10: =M45 -> 29.2 | K10: =N45 -> 0.0885 | M10: =C10 -> 0.0791 | N10: =G10 -> 0.1157 | O10: =K10 -> 0.0885 | U10: {=G4:G9} -> 0.0798 | V10: {=G10:G15} -> 0.1157
A11: 11 | B11: =C46 -> 30.8 | C11: =D46 -> 0.1307 | E11: 11 | F11: =H46 -> 36.9 | G11: =I46 -> 0.1236 | I11: 11 | J11: =M46 -> 36.1 | K11: =N46 -> 0.1659 | M11: =C11 -> 0.1307 | N11: =G11 -> 0.1236 | O11: =K11 -> 0.1659 | U11: 0.135 | V11: 0.1236
A12: 12 | B12: =C47 -> 24.6 | C12: =D47 -> 0.0202 | E12: 12 | F12: =H47 -> 29.5 | G12: =I47 -> 0.0704 | I12: 12 | J12: =M47 -> 28.9 | K12: =N47 -> 0.0723 | M12: =C12 -> 0.0202 | N12: =G12 -> 0.0704 | O12: =K12 -> 0.0723 | U12: 0.0673 | V12: 0.0704
A13: 13 | B13: =C48 -> 30.8 | C13: =D48 -> 0.1067 | E13: 13 | F13: =H48 -> 36.9 | G13: =I48 -> 0.1337 | I13: 13 | J13: =M48 -> 36.2 | K13: =N48 -> 0.0455 | M13: =C13 -> 0.1067 | N13: =G13 -> 0.1337 | O13: =K13 -> 0.0455 | U13: 0.1223 | V13: 0.1337
A14: 14 | B14: =C49 -> 24.6 | C14: =D49 -> 0.0392 | E14: 14 | F14: =H49 -> 29.8 | G14: =I49 -> 0.0907 | I14: 14 | J14: =M49 -> 29.2 | K14: =N49 -> 0.0455 | M14: =C14 -> 0.0392 | N14: =G14 -> 0.0907 | O14: =K14 -> 0.0455 | U14: 0.0814 | V14: 0.0907
A15: 15 | B15: =C50 -> 30.4 | C15: =D50 -> 0.0969 | E15: 15 | F15: =H50 -> 36.8 | G15: =I50 -> 0.0663 | I15: 15 | J15: =M50 -> 35.9 | K15: =N50 -> 0.0794 | M15: =C15 -> 0.0969 | N15: =G15 -> 0.0663 | O15: =K15 -> 0.0794 | U15: 0.1101 | V15: 0.0663
A16: Perimeters | B16: Average Modulus of Resilience | U16: {=K4:K9} -> 0.0994 | V16: {=K10:K15} -> 0.0885
A17: 2 | B17: =AVERAGE(M4:O9) -> 0.084738889 | U17: 0.2044 | V17: 0.1659
A18: 3 | B18: =AVERAGE(M10:O15) -> 0.087238889 | U18: 0.0752 | V18: 0.0723
U19: 0.1185 | V19: 0.0455
U20: 0.0401 | V20: 0.0455
A21: Max Difference: | B21: =(1-B17/B18) -> 0.028656945 | U21: 0.1204 | V21: 0.0794
A34: ABS | F34: PLA | K34: PETG
A35: Index Value | B35: Border number | C35: Mass (g) | D35: Modulus of Resilience (MPa) | F35: Index Value | G35: Border number | H35: Mass (g) | I35: Modulus of Resilience (MPa) | K35: Index Value | L35: Border number | M35: Mass (g) | N35: Modulus of Resilience (MPa)
A36: 1 | B36: Inf | C36: 61.3 | D36: 0.235 | F36: 1 | G36: Inf | H36: 73 | I36: 0.1056 | K36: 1 | L36: Inf | M36: 74.6 | N36: 0.2849
A37: 2 | B37: 2 | C37: 20 | D37: 0.0293 | F37: 2 | G37: 2 | H37: 16.7 | I37: 0.0327 | K37: 2 | L37: 2 | M37: 18 | N37: 0.0742
A38: 3 | B38: 3 | C38: 25.5 | D38: 0.0323 | F38: 3 | G38: 3 | H38: 24.1 | I38: 0.0235 | K38: 3 | L38: 3 | M38: 26.7 | N38: 0.0259
A39: 4 | B39: 2 | C39: 19.2 | D39: 0.0207 | F39: 4 | G39: 2 | H39: 23 | I39: 0.0798 | K39: 4 | L39: 2 | M39: 24.4 | N39: 0.0994
A40: 5 | B40: 2 | C40: 26 | D40: 0.061 | F40: 5 | G40: 2 | H40: 35.1 | I40: 0.135 | K40: 5 | L40: 2 | M40: 35.5 | N40: 0.2044
A41: 6 | B41: 2 | C41: 19 | D41: 0.0161 | F41: 6 | G41: 2 | H41: 22.9 | I41: 0.0673 | K41: 6 | L41: 2 | M41: 22.5 | N41: 0.0752
A42: 7 | B42: 2 | C42: 26.1 | D42: 0.0893 | F42: 7 | G42: 2 | H42: 31.3 | I42: 0.1223 | K42: 7 | L42: 2 | M42: 30.8 | N42: 0.1185
A43: 8 | B43: 2 | C43: 19 | D43: 0.0587 | F43: 8 | G43: 2 | H43: 23 | I43: 0.0814 | K43: 8 | L43: 2 | M43: 22.6 | N43: 0.0401
A44: 9 | B44: 2 | C44: 25.6 | D44: 0.0256 | F44: 9 | G44: 2 | H44: 31 | I44: 0.1101 | K44: 9 | L44: 2 | M44: 30.5 | N44: 0.1204
A45: 10 | B45: 3 | C45: 24.5 | D45: 0.0791 | F45: 10 | G45: 3 | H45: 29.6 | I45: 0.1157 | K45: 10 | L45: 3 | M45: 29.2 | N45: 0.0885
A46: 11 | B46: 3 | C46: 30.8 | D46: 0.1307 | F46: 11 | G46: 3 | H46: 36.9 | I46: 0.1236 | K46: 11 | L46: 3 | M46: 36.1 | N46: 0.1659
A47: 12 | B47: 3 | C47: 24.6 | D47: 0.0202 | F47: 12 | G47: 3 | H47: 29.5 | I47: 0.0704 | K47: 12 | L47: 3 | M47: 28.9 | N47: 0.0723
A48: 13 | B48: 3 | C48: 30.8 | D48: 0.1067 | F48: 13 | G48: 3 | H48: 36.9 | I48: 0.1337 | K48: 13 | L48: 3 | M48: 36.2 | N48: 0.0455
... A50: 15 | B50: 3 | C50: 30.4 | D50: 0.0969 | F50: 15 | G50: 3 | H50: 36.8 | I50: 0.0663 | K50: 15 | L50: 3 | M50: 35.9 | N50: 0.0794

Sheet Perimeter Comparison - YS
A2: ABS | E2: PLA | I2: PETG | U2: Borders
A3: Index Value | B3: Mass (g) | C3: Yield Strength (kN) | E3: Index Value | F3: Mass (g) | G3: Yield Strength (kN) | I3: Index Value | J3: Mass (g) | K3: Yield Strength (kN) | M3: ABS | N3: PLA | O3: PETG | U3: 2 | V3: 3
A4: 4 | B4: =C39 -> 19.2 | C4: =D39 -> 0.5052 | E4: 4 | F4: =H39 -> 23 | G4: =I39 -> 1.1251 | I4: 4 | J4: =M39 -> 24.4 | K4: =N39 -> 1.0671 | M4: =C4 -> 0.5052 | N4: =G4 -> 1.1251 | O4: =K4 -> 1.0671 | U4: {=C4:C9} -> 0.5052 | V4: {=C10:C15} -> 1.1189
A5: 5 | B5: =C40 -> 26 | C5: =D40 -> 0.8843 | E5: 5 | F5: =H40 -> 35.1 | G5: =I40 -> 1.7471 | I5: 5 | J5: =M40 -> 35.5 | K5: =N40 -> 1.5927 | M5: =C5 -> 0.8843 | N5: =G5 -> 1.7471 | O5: =K5 -> 1.5927 | U5: 0.8843 | V5: 1.518
A6: 6 | B6: =C41 -> 19 | C6: =D41 -> 0.4627 | E6: 6 | F6: =H41 -> 22.9 | G6: =I41 -> 1.1478 | I6: 6 | J6: =M41 -> 22.5 | K6: =N41 -> 0.8549 | M6: =C6 -> 0.4627 | N6: =G6 -> 1.1478 | O6: =K6 -> 0.8549 | U6: 0.4627 | V6: 0.6075
A7: 7 | B7: =C42 -> 26.1 | C7: =D42 -> 1.1915 | E7: 7 | F7: =H42 -> 31.3 | G7: =I42 -> 1.731 | I7: 7 | J7: =M42 -> 30.8 | K7: =N42 -> 1.2204 | M7: =C7 -> 1.1915 | N7: =G7 -> 1.731 | O7: =K7 -> 1.2204 | U7: 1.1915 | V7: 1.4839
A8: 8 | B8: =C43 -> 19 | C8: =D43 -> 0.8357 | E8: 8 | F8: =H43 -> 23 | G8: =I43 -> 1.2307 | I8: 8 | J8: =M43 -> 22.6 | K8: =N43 -> 0.6326 | M8: =C8 -> 0.8357 | N8: =G8 -> 1.2307 | O8: =K8 -> 0.6326 | U8: 0.8357 | V8: 0.8138
A9: 9 | B9: =C44 -> 25.6 | C9: =D44 -> 0.6075 | E9: 9 | F9: =H44 -> 31 | G9: =I44 -> 1.5126 | I9: 9 | J9: =M44 -> 30.5 | K9: =N44 -> 1.1699 | M9: =C9 -> 0.6075 | N9: =G9 -> 1.5126 | O9: =K9 -> 1.1699 | U9: 0.6075 | V9: 1.3223
A10: 10 | B10: =C45 -> 24.5 | C10: =D45 -> 1.1189 | E10: 10 | F10: =H45 -> 29.6 | G10: =I45 -> 1.7044 | I10: 10 | J10: =M45 -> 29.2 | K10: =N45 -> 1.1034 | M10: =C10 -> 1.1189 | N10: =G10 -> 1.7044 | O10: =K10 -> 1.1034 | U10: {=G4:G9} -> 1.1251 | V10: {=G10:G15} -> 1.7044
A11: 11 | B11: =C46 -> 30.8 | C11: =D46 -> 1.518 | E11: 11 | F11: =H46 -> 36.9 | G11: =I46 -> 1.7942 | I11: 11 | J11: =M46 -> 36.1 | K11: =N46 -> 1.4642 | M11: =C11 -> 1.518 | N11: =G11 -> 1.7942 | O11: =K11 -> 1.4642 | U11: 1.7471 | V11: 1.7942
A12: 12 | B12: =C47 -> 24.6 | C12: =D47 -> 0.6075 | E12: 12 | F12: =H47 -> 29.5 | G12: =I47 -> 1.35 | I12: 12 | J12: =M47 -> 28.9 | K12: =N47 -> 1.0249 | M12: =C12 -> 0.6075 | N12: =G12 -> 1.35 | O12: =K12 -> 1.0249 | U12: 1.1478 | V12: 1.35
A13: 13 | B13: =C48 -> 30.8 | C13: =D48 -> 1.4839 | E13: 13 | F13: =H48 -> 36.9 | G13: =I48 -> 2.0056 | I13: 13 | J13: =M48 -> 36.2 | K13: =N48 -> 0.9262 | M13: =C13 -> 1.4839 | N13: =G13 -> 2.0056 | O13: =K13 -> 0.9262 | U13: 1.731 | V13: 2.0056
A14: 14 | B14: =C49 -> 24.6 | C14: =D49 -> 0.8138 | E14: 14 | F14: =H49 -> 29.8 | G14: =I49 -> 1.4959 | I14: 14 | J14: =M49 -> 29.2 | K14: =N49 -> 0.8203 | M14: =C14 -> 0.8138 | N14: =G14 -> 1.4959 | O14: =K14 -> 0.8203 | U14: 1.2307 | V14: 1.4959
A15: 15 | B15: =C50 -> 30.4 | C15: =D50 -> 1.3223 | E15: 15 | F15: =H50 -> 36.8 | G15: =I50 -> 1.401 | I15: 15 | J15: =M50 -> 35.9 | K15: =N50 -> 1.1319 | M15: =C15 -> 1.3223 | N15: =G15 -> 1.401 | O15: =K15 -> 1.1319 | U15: 1.5126 | V15: 1.401
A16: Perimeters | B16: Average Yield Strength | U16: {=K4:K9} -> 1.0671 | V16: {=K10:K15} -> 1.1034
A17: 2 | B17: =AVERAGE(M4:O9) -> 1.0843778 | U17: 1.5927 | V17: 1.4642
A18: 3 | B18: =AVERAGE(M10:O15) -> 1.2825778 | U18: 0.8549 | V18: 1.0249
U19: 1.2204 | V19: 0.9262
U20: 0.6326 | V20: 0.8203
A21: Max Difference: | B21: =(1-B17/B18) -> 0.15453254 | U21: 1.1699 | V21: 1.1319
A34: ABS | F34: PLA | K34: PETG
A35: Index Value | B35: Border number | C35: Mass (g) | D35: Yield Strength (kN) | F35: Index Value | G35: Border number | H35: Mass (g) | I35: Yield Strength (kN) | K35: Index Value | L35: Border number | M35: Mass (g) | N35: Yield Strength (kN)
A36: 1 | B36: Inf | C36: 61.3 | D36: 3.4478 | F36: 1 | G36: Inf | H36: 73 | I36: 2.6982 | K36: 1 | L36: Inf | M36: 74.6 | N36: 3.56
A37: 2 | B37: 2 | C37: 20 | D37: 0.6821 | F37: 2 | G37: 2 | H37: 16.7 | I37: 0.6491 | K37: 2 | L37: 2 | M37: 18 | N37: 0.7568
A38: 3 | B38: 3 | C38: 25.5 | D38: 0.8567 | F38: 3 | G38: 3 | H38: 24.1 | I38: 0.693 | K38: 3 | L38: 3 | M38: 26.7 | N38: 0.598
A39: 4 | B39: 2 | C39: 19.2 | D39: 0.5052 | F39: 4 | G39: 2 | H39: 23 | I39: 1.1251 | K39: 4 | L39: 2 | M39: 24.4 | N39: 1.0671
A40: 5 | B40: 2 | C40: 26 | D40: 0.8843 | F40: 5 | G40: 2 | H40: 35.1 | I40: 1.7471 | K40: 5 | L40: 2 | M40: 35.5 | N40: 1.5927
A41: 6 | B41: 2 | C41: 19 | D41: 0.4627 | F41: 6 | G41: 2 | H41: 22.9 | I41: 1.1478 | K41: 6 | L41: 2 | M41: 22.5 | N41: 0.8549
A42: 7 | B42: 2 | C42: 26.1 | D42: 1.1915 | F42: 7 | G42: 2 | H42: 31.3 | I42: 1.731 | K42: 7 | L42: 2 | M42: 30.8 | N42: 1.2204
A43: 8 | B43: 2 | C43: 19 | D43: 0.8357 | F43: 8 | G43: 2 | H43: 23 | I43: 1.2307 | K43: 8 | L43: 2 | M43: 22.6 | N43: 0.6326
A44: 9 | B44: 2 | C44: 25.6 | D44: 0.6075 | F44: 9 | G44: 2 | H44: 31 | I44: 1.5126 | K44: 9 | L44: 2 | M44: 30.5 | N44: 1.1699
A45: 10 | B45: 3 | C45: 24.5 | D45: 1.1189 | F45: 10 | G45: 3 | H45: 29.6 | I45: 1.7044 | K45: 10 | L45: 3 | M45: 29.2 | N45: 1.1034
A46: 11 | B46: 3 | C46: 30.8 | D46: 1.518 | F46: 11 | G46: 3 | H46: 36.9 | I46: 1.7942 | K46: 11 | L46: 3 | M46: 36.1 | N46: 1.4642
A47: 12 | B47: 3 | C47: 24.6 | D47: 0.6075 | F47: 12 | G47: 3 | H47: 29.5 | I47: 1.35 | K47: 12 | L47: 3 | M47: 28.9 | N47: 1.0249
A48: 13 | B48: 3 | C48: 30.8 | D48: 1.4839 | F48: 13 | G48: 3 | H48: 36.9 | I48: 2.0056 | K48: 13 | L48: 3 | M48: 36.2 | N48: 0.9262
... A50: 15 | B50: 3 | C50: 30.4 | D50: 1.3223 | F50: 15 | G50: 3 | H50: 36.8 | I50: 1.401 | K50: 15 | L50: 3 | M50: 35.9 | N50: 1.1319
